in s,C1 in V,C3 in V
-1.400E-07,2.34863E-02,1.86035E-02
-1.398E-07,1.27441E-02,1.32324E-02
-1.396E-07,3.46680E-03,3.46680E-03
-1.394E-07,2.49023E-03,-9.27734E-04
-1.392E-07,7.37305E-03,2.49023E-03
-1.390E-07,9.32617E-03,6.88477E-03
-1.388E-07,5.90820E-03,5.90820E-03
-1.386E-07,3.95508E-03,5.41992E-03
-1.384E-07,2.97852E-03,3.95508E-03
-1.382E-07,2.97852E-03,2.97852E-03
-1.380E-07,5.41992E-03,1.51367E-03
-1.378E-07,8.34961E-03,3.95508E-03
-1.376E-07,8.83789E-03,7.37305E-03
-1.374E-07,6.39648E-03,8.34961E-03
-1.372E-07,5.41992E-03,5.41992E-03
-1.370E-07,2.49023E-03,2.49023E-03
-1.368E-07,2.49023E-03,1.51367E-03
-1.366E-07,3.46680E-03,1.51367E-03
-1.364E-07,5.41992E-03,2.49023E-03
-1.362E-07,4.44336E-03,1.51367E-03
-1.360E-07,4.44336E-03,2.97852E-03
-1.358E-07,2.00195E-03,6.39648E-03
-1.356E-07,1.02539E-03,6.88477E-03
-1.354E-07,2.97852E-03,6.39648E-03
-1.352E-07,6.39648E-03,4.44336E-03
-1.350E-07,8.34961E-03,3.46680E-03
-1.348E-07,8.83789E-03,4.93164E-03
-1.346E-07,7.37305E-03,4.93164E-03
-1.344E-07,7.86133E-03,4.93164E-03
-1.342E-07,7.37305E-03,3.95508E-03
-1.340E-07,6.39648E-03,2.49023E-03
-1.338E-07,6.88477E-03,4.88281E-05
-1.336E-07,7.86133E-03,4.88281E-05
-1.334E-07,7.86133E-03,3.46680E-03
-1.332E-07,4.93164E-03,5.41992E-03
-1.330E-07,2.00195E-03,6.88477E-03
-1.328E-07,4.88281E-05,5.41992E-03
-1.326E-07,1.02539E-03,4.93164E-03
-1.324E-07,3.46680E-03,3.95508E-03
-1.322E-07,4.93164E-03,2.00195E-03
-1.320E-07,5.41992E-03,-4.39453E-04
-1.318E-07,3.46680E-03,-9.27734E-04
-1.316E-07,1.02539E-03,-4.39453E-04
-1.314E-07,5.37109E-04,1.51367E-03
-1.312E-07,4.93164E-03,2.00195E-03
-1.310E-07,4.93164E-03,3.95508E-03
-1.308E-07,4.44336E-03,3.46680E-03
-1.306E-07,7.37305E-03,1.51367E-03
-1.304E-07,1.56738E-02,2.97852E-03
-1.302E-07,2.15332E-02,8.83789E-03
-1.300E-07,1.86035E-02,7.37305E-03
-1.298E-07,6.88477E-03,5.37109E-04
-1.296E-07,-2.88086E-03,-5.81055E-03
-1.294E-07,-7.27539E-03,-5.81055E-03
-1.292E-07,-3.36914E-03,-2.88086E-03
-1.290E-07,-1.41602E-03,5.37109E-04
-1.288E-07,5.37109E-04,-4.39453E-04
-1.286E-07,4.88281E-05,4.88281E-05
-1.284E-07,2.49023E-03,1.02539E-03
-1.282E-07,2.49023E-03,2.97852E-03
-1.280E-07,2.97852E-03,3.46680E-03
-1.278E-07,3.95508E-03,4.93164E-03
-1.276E-07,7.37305E-03,2.49023E-03
-1.274E-07,7.86133E-03,2.97852E-03
-1.272E-07,6.39648E-03,2.97852E-03
-1.270E-07,3.46680E-03,2.49023E-03
-1.268E-07,1.51367E-03,1.51367E-03
-1.266E-07,-4.39453E-04,2.97852E-03
-1.264E-07,4.88281E-05,4.93164E-03
-1.262E-07,5.37109E-04,5.90820E-03
-1.260E-07,5.37109E-04,5.90820E-03
-1.258E-07,2.00195E-03,3.46680E-03
-1.256E-07,4.44336E-03,2.49023E-03
-1.254E-07,5.90820E-03,5.37109E-04
-1.252E-07,6.39648E-03,1.02539E-03
-1.250E-07,5.41992E-03,2.00195E-03
-1.248E-07,4.93164E-03,2.49023E-03
-1.246E-07,4.44336E-03,4.44336E-03
-1.244E-07,4.93164E-03,4.93164E-03
-1.242E-07,3.46680E-03,7.37305E-03
-1.240E-07,4.44336E-03,6.88477E-03
-1.238E-07,4.93164E-03,2.97852E-03
-1.236E-07,5.41992E-03,-4.39453E-04
-1.234E-07,6.88477E-03,4.88281E-05
-1.232E-07,8.83789E-03,1.02539E-03
-1.230E-07,9.81445E-03,3.46680E-03
-1.228E-07,1.03027E-02,4.44336E-03
-1.226E-07,9.32617E-03,4.93164E-03
-1.224E-07,8.34961E-03,5.90820E-03
-1.222E-07,4.44336E-03,6.88477E-03
-1.220E-07,1.51367E-03,5.90820E-03
-1.218E-07,1.51367E-03,5.41992E-03
-1.216E-07,1.51367E-03,2.97852E-03
-1.214E-07,1.51367E-03,3.95508E-03
-1.212E-07,4.44336E-03,3.95508E-03
-1.210E-07,4.93164E-03,4.93164E-03
-1.208E-07,6.39648E-03,7.37305E-03
-1.206E-07,6.88477E-03,7.37305E-03
-1.204E-07,7.86133E-03,6.39648E-03
-1.202E-07,2.49023E-03,5.37109E-04
-1.200E-07,-5.32227E-03,-7.76367E-03
-1.198E-07,-6.78711E-03,-1.06934E-02
-1.196E-07,6.39648E-03,-1.41602E-03
-1.194E-07,1.90918E-02,1.17676E-02
-1.192E-07,2.25098E-02,1.71387E-02
-1.190E-07,1.37207E-02,1.27441E-02
-1.188E-07,3.95508E-03,3.46680E-03
-1.186E-07,5.37109E-04,2.97852E-03
-1.184E-07,5.41992E-03,6.39648E-03
-1.182E-07,9.32617E-03,6.39648E-03
-1.180E-07,1.03027E-02,5.41992E-03
-1.178E-07,9.32617E-03,4.93164E-03
-1.176E-07,8.34961E-03,4.44336E-03
-1.174E-07,6.88477E-03,5.41992E-03
-1.172E-07,7.86133E-03,4.44336E-03
-1.170E-07,8.83789E-03,4.44336E-03
-1.168E-07,9.81445E-03,4.93164E-03
-1.166E-07,9.32617E-03,7.37305E-03
-1.164E-07,9.32617E-03,4.44336E-03
-1.162E-07,6.39648E-03,5.37109E-04
-1.160E-07,6.88477E-03,-2.88086E-03
-1.158E-07,6.39648E-03,-9.27734E-04
-1.156E-07,7.86133E-03,2.97852E-03
-1.154E-07,6.39648E-03,7.37305E-03
-1.152E-07,4.93164E-03,5.90820E-03
-1.150E-07,2.00195E-03,4.93164E-03
-1.148E-07,2.49023E-03,5.41992E-03
-1.146E-07,3.46680E-03,5.41992E-03
-1.144E-07,3.95508E-03,5.90820E-03
-1.142E-07,2.97852E-03,6.88477E-03
-1.140E-07,1.02539E-03,3.46680E-03
-1.138E-07,-4.39453E-04,1.51367E-03
-1.136E-07,1.02539E-03,2.49023E-03
-1.134E-07,2.49023E-03,4.44336E-03
-1.132E-07,3.95508E-03,3.46680E-03
-1.130E-07,3.95508E-03,2.97852E-03
-1.128E-07,4.93164E-03,5.37109E-04
-1.126E-07,4.44336E-03,5.37109E-04
-1.124E-07,2.49023E-03,-9.27734E-04
-1.122E-07,3.95508E-03,4.88281E-05
-1.120E-07,4.44336E-03,2.49023E-03
-1.118E-07,6.88477E-03,4.93164E-03
-1.116E-07,9.32617E-03,6.39648E-03
-1.114E-07,8.34961E-03,6.39648E-03
-1.112E-07,9.32617E-03,6.88477E-03
-1.110E-07,7.37305E-03,4.93164E-03
-1.108E-07,5.41992E-03,3.46680E-03
-1.106E-07,3.95508E-03,2.00195E-03
-1.104E-07,5.90820E-03,3.46680E-03
-1.102E-07,8.83789E-03,4.93164E-03
-1.100E-07,8.34961E-03,7.37305E-03
-1.098E-07,7.86133E-03,7.86133E-03
-1.096E-07,1.27441E-02,8.34961E-03
-1.094E-07,2.00684E-02,1.46973E-02
-1.092E-07,1.81152E-02,1.46973E-02
-1.090E-07,8.34961E-03,7.86133E-03
-1.088E-07,-9.27734E-04,-2.88086E-03
-1.086E-07,-5.32227E-03,-6.78711E-03
-1.084E-07,-4.34570E-03,-4.34570E-03
-1.082E-07,-2.88086E-03,5.37109E-04
-1.080E-07,-1.90430E-03,2.00195E-03
-1.078E-07,-1.90430E-03,1.51367E-03
-1.076E-07,4.88281E-05,1.02539E-03
-1.074E-07,2.49023E-03,2.49023E-03
-1.072E-07,5.90820E-03,4.93164E-03
-1.070E-07,7.37305E-03,5.90820E-03
-1.068E-07,7.37305E-03,5.90820E-03
-1.066E-07,6.39648E-03,7.37305E-03
-1.064E-07,5.41992E-03,5.90820E-03
-1.062E-07,4.93164E-03,1.51367E-03
-1.060E-07,3.95508E-03,-9.27734E-04
-1.058E-07,5.37109E-04,1.02539E-03
-1.056E-07,4.88281E-05,4.88281E-05
-1.054E-07,1.02539E-03,4.88281E-05
-1.052E-07,4.44336E-03,2.00195E-03
-1.050E-07,6.88477E-03,2.49023E-03
-1.048E-07,8.34961E-03,2.49023E-03
-1.046E-07,8.34961E-03,2.00195E-03
-1.044E-07,9.32617E-03,3.95508E-03
-1.042E-07,8.34961E-03,3.95508E-03
-1.040E-07,4.93164E-03,2.97852E-03
-1.038E-07,5.41992E-03,2.49023E-03
-1.036E-07,4.93164E-03,2.97852E-03
-1.034E-07,4.93164E-03,4.44336E-03
-1.032E-07,7.86133E-03,4.44336E-03
-1.030E-07,6.39648E-03,6.88477E-03
-1.028E-07,7.37305E-03,4.93164E-03
-1.026E-07,6.39648E-03,3.46680E-03
-1.024E-07,5.90820E-03,2.97852E-03
-1.022E-07,6.88477E-03,3.95508E-03
-1.020E-07,5.90820E-03,2.97852E-03
-1.018E-07,3.95508E-03,3.46680E-03
-1.016E-07,2.00195E-03,3.46680E-03
-1.014E-07,2.97852E-03,5.41992E-03
-1.012E-07,3.46680E-03,3.95508E-03
-1.010E-07,5.41992E-03,2.49023E-03
-1.008E-07,6.88477E-03,4.44336E-03
-1.006E-07,6.39648E-03,7.86133E-03
-1.004E-07,6.39648E-03,7.86133E-03
-1.002E-07,5.41992E-03,8.34961E-03
-1.000E-07,3.95508E-03,8.34961E-03
-9.980E-08,3.46680E-03,7.86133E-03
-9.960E-08,4.93164E-03,7.37305E-03
-9.940E-08,2.49023E-03,6.88477E-03
-9.920E-08,-5.81055E-03,-2.39258E-03
-9.900E-08,-8.74023E-03,-9.22852E-03
-9.880E-08,5.37109E-04,-3.36914E-03
-9.860E-08,1.42090E-02,1.22559E-02
-9.840E-08,2.25098E-02,1.90918E-02
-9.820E-08,1.81152E-02,1.46973E-02
-9.800E-08,7.37305E-03,4.44336E-03
-9.780E-08,2.00195E-03,4.88281E-05
-9.760E-08,4.93164E-03,2.49023E-03
-9.740E-08,7.86133E-03,4.93164E-03
-9.720E-08,9.81445E-03,4.93164E-03
-9.700E-08,5.90820E-03,4.93164E-03
-9.680E-08,3.95508E-03,4.44336E-03
-9.660E-08,3.46680E-03,3.95508E-03
-9.640E-08,5.41992E-03,3.95508E-03
-9.620E-08,7.37305E-03,4.93164E-03
-9.600E-08,1.22559E-02,5.41992E-03
-9.580E-08,1.32324E-02,4.93164E-03
-9.560E-08,1.12793E-02,2.97852E-03
-9.540E-08,5.90820E-03,5.37109E-04
-9.520E-08,3.46680E-03,-1.41602E-03
-9.500E-08,3.95508E-03,4.88281E-05
-9.480E-08,5.41992E-03,2.00195E-03
-9.460E-08,6.39648E-03,3.95508E-03
-9.440E-08,6.39648E-03,6.88477E-03
-9.420E-08,7.86133E-03,7.37305E-03
-9.400E-08,7.86133E-03,3.95508E-03
-9.380E-08,8.34961E-03,2.97852E-03
-9.360E-08,8.34961E-03,5.37109E-04
-9.340E-08,6.39648E-03,2.00195E-03
-9.320E-08,5.41992E-03,1.51367E-03
-9.300E-08,3.95508E-03,2.49023E-03
-9.280E-08,3.46680E-03,2.97852E-03
-9.260E-08,3.46680E-03,4.44336E-03
-9.240E-08,5.41992E-03,4.44336E-03
-9.220E-08,4.93164E-03,4.44336E-03
-9.200E-08,3.46680E-03,4.44336E-03
-9.180E-08,2.00195E-03,2.97852E-03
-9.160E-08,3.95508E-03,1.51367E-03
-9.140E-08,5.41992E-03,1.02539E-03
-9.120E-08,5.41992E-03,2.49023E-03
-9.100E-08,4.93164E-03,3.46680E-03
-9.080E-08,4.93164E-03,2.49023E-03
-9.060E-08,5.90820E-03,5.37109E-04
-9.040E-08,7.37305E-03,2.49023E-03
-9.020E-08,6.88477E-03,4.93164E-03
-9.000E-08,7.86133E-03,8.34961E-03
-8.980E-08,7.86133E-03,8.83789E-03
-8.960E-08,9.32617E-03,7.86133E-03
-8.940E-08,7.37305E-03,6.39648E-03
-8.920E-08,5.41992E-03,5.90820E-03
-8.900E-08,3.95508E-03,4.44336E-03
-8.880E-08,6.88477E-03,6.88477E-03
-8.860E-08,1.46973E-02,1.37207E-02
-8.840E-08,1.71387E-02,1.81152E-02
-8.820E-08,8.34961E-03,1.32324E-02
-8.800E-08,-1.41602E-03,4.44336E-03
-8.780E-08,-7.27539E-03,-1.90430E-03
-8.760E-08,-4.83398E-03,-9.27734E-04
-8.740E-08,-1.41602E-03,3.46680E-03
-8.720E-08,1.51367E-03,3.95508E-03
-8.700E-08,-9.27734E-04,2.49023E-03
-8.680E-08,4.88281E-05,-9.27734E-04
-8.660E-08,2.00195E-03,-9.27734E-04
-8.640E-08,3.46680E-03,1.51367E-03
-8.620E-08,4.44336E-03,4.44336E-03
-8.600E-08,5.90820E-03,5.41992E-03
-8.580E-08,5.90820E-03,4.93164E-03
-8.560E-08,4.44336E-03,2.97852E-03
-8.540E-08,2.97852E-03,5.37109E-04
-8.520E-08,1.51367E-03,-2.39258E-03
-8.500E-08,2.00195E-03,-3.36914E-03
-8.480E-08,4.44336E-03,-1.90430E-03
-8.460E-08,4.93164E-03,4.88281E-05
-8.440E-08,7.37305E-03,-4.39453E-04
-8.420E-08,6.39648E-03,1.02539E-03
-8.400E-08,6.88477E-03,2.97852E-03
-8.380E-08,7.86133E-03,3.95508E-03
-8.360E-08,6.88477E-03,5.41992E-03
-8.340E-08,4.93164E-03,3.95508E-03
-8.320E-08,3.46680E-03,2.00195E-03
-8.300E-08,1.02539E-03,4.88281E-05
-8.280E-08,2.00195E-03,-4.39453E-04
-8.260E-08,3.95508E-03,2.97852E-03
-8.240E-08,5.41992E-03,5.90820E-03
-8.220E-08,6.88477E-03,8.34961E-03
-8.200E-08,5.90820E-03,7.37305E-03
-8.180E-08,3.46680E-03,5.90820E-03
-8.160E-08,4.93164E-03,6.39648E-03
-8.140E-08,5.90820E-03,8.83789E-03
-8.120E-08,7.37305E-03,1.07910E-02
-8.100E-08,6.39648E-03,9.81445E-03
-8.080E-08,4.44336E-03,8.34961E-03
-8.060E-08,5.41992E-03,6.39648E-03
-8.040E-08,4.44336E-03,3.95508E-03
-8.020E-08,2.97852E-03,2.00195E-03
-8.000E-08,2.97852E-03,2.49023E-03
-7.980E-08,6.39648E-03,4.93164E-03
-7.960E-08,9.32617E-03,5.90820E-03
-7.940E-08,9.81445E-03,4.44336E-03
-7.920E-08,5.90820E-03,4.44336E-03
-7.900E-08,3.95508E-03,4.44336E-03
-7.880E-08,4.44336E-03,3.95508E-03
-7.860E-08,3.46680E-03,4.93164E-03
-7.840E-08,-3.85742E-03,4.88281E-05
-7.820E-08,-8.25195E-03,-4.83398E-03
-7.800E-08,1.02539E-03,-1.90430E-03
-7.780E-08,1.51855E-02,7.86133E-03
-7.760E-08,2.49512E-02,1.76270E-02
-7.740E-08,2.10449E-02,1.71387E-02
-7.720E-08,9.81445E-03,7.37305E-03
-7.700E-08,2.49023E-03,1.51367E-03
-7.680E-08,5.90820E-03,5.41992E-03
-7.660E-08,8.34961E-03,1.07910E-02
-7.640E-08,8.34961E-03,9.32617E-03
-7.620E-08,5.90820E-03,6.88477E-03
-7.600E-08,4.44336E-03,3.95508E-03
-7.580E-08,3.95508E-03,2.49023E-03
-7.560E-08,3.95508E-03,2.00195E-03
-7.540E-08,6.39648E-03,2.97852E-03
-7.520E-08,1.17676E-02,5.90820E-03
-7.500E-08,1.32324E-02,6.88477E-03
-7.480E-08,1.07910E-02,3.95508E-03
-7.460E-08,5.90820E-03,2.00195E-03
-7.440E-08,2.00195E-03,4.88281E-05
-7.420E-08,5.37109E-04,4.88281E-05
-7.400E-08,2.97852E-03,1.02539E-03
-7.380E-08,5.41992E-03,3.95508E-03
-7.360E-08,7.37305E-03,4.93164E-03
-7.340E-08,6.39648E-03,2.97852E-03
-7.320E-08,5.41992E-03,5.37109E-04
-7.300E-08,2.49023E-03,1.51367E-03
-7.280E-08,2.49023E-03,5.37109E-04
-7.260E-08,2.00195E-03,1.51367E-03
-7.240E-08,3.95508E-03,1.02539E-03
-7.220E-08,4.93164E-03,1.51367E-03
-7.200E-08,8.83789E-03,1.51367E-03
-7.180E-08,1.07910E-02,3.46680E-03
-7.160E-08,1.03027E-02,2.97852E-03
-7.140E-08,9.81445E-03,2.97852E-03
-7.120E-08,9.32617E-03,3.46680E-03
-7.100E-08,8.34961E-03,3.95508E-03
-7.080E-08,8.83789E-03,3.95508E-03
-7.060E-08,7.86133E-03,4.44336E-03
-7.040E-08,6.39648E-03,6.39648E-03
-7.020E-08,4.93164E-03,1.03027E-02
-7.000E-08,6.88477E-03,1.32324E-02
-6.980E-08,6.88477E-03,1.17676E-02
-6.960E-08,7.86133E-03,6.39648E-03
-6.940E-08,6.88477E-03,2.97852E-03
-6.920E-08,6.88477E-03,2.00195E-03
-6.900E-08,7.37305E-03,4.44336E-03
-6.880E-08,9.32617E-03,6.88477E-03
-6.860E-08,9.32617E-03,6.88477E-03
-6.840E-08,7.86133E-03,3.95508E-03
-6.820E-08,6.88477E-03,4.93164E-03
-6.800E-08,1.27441E-02,8.34961E-03
-6.780E-08,1.95801E-02,1.66504E-02
-6.760E-08,2.20215E-02,2.00684E-02
-6.740E-08,1.37207E-02,1.61621E-02
-6.720E-08,5.37109E-04,5.41992E-03
-6.700E-08,-6.78711E-03,-9.27734E-04
-6.680E-08,-4.83398E-03,-9.27734E-04
-6.660E-08,-4.39453E-04,3.46680E-03
-6.640E-08,1.02539E-03,4.93164E-03
-6.620E-08,4.88281E-05,3.95508E-03
-6.600E-08,2.00195E-03,2.49023E-03
-6.580E-08,3.46680E-03,3.46680E-03
-6.560E-08,3.46680E-03,2.97852E-03
-6.540E-08,3.46680E-03,2.00195E-03
-6.520E-08,4.44336E-03,1.51367E-03
-6.500E-08,3.46680E-03,2.00195E-03
-6.480E-08,2.97852E-03,2.00195E-03
-6.460E-08,2.49023E-03,1.02539E-03
-6.440E-08,2.49023E-03,-1.41602E-03
-6.420E-08,2.97852E-03,-2.88086E-03
-6.400E-08,6.39648E-03,-3.85742E-03
-6.380E-08,5.90820E-03,-1.90430E-03
-6.360E-08,4.93164E-03,4.88281E-05
-6.340E-08,2.97852E-03,1.51367E-03
-6.320E-08,3.95508E-03,2.49023E-03
-6.300E-08,3.95508E-03,3.95508E-03
-6.280E-08,2.97852E-03,2.97852E-03
-6.260E-08,2.97852E-03,1.02539E-03
-6.240E-08,2.49023E-03,-1.90430E-03
-6.220E-08,2.97852E-03,-2.39258E-03
-6.200E-08,5.90820E-03,1.02539E-03
-6.180E-08,9.32617E-03,4.93164E-03
-6.160E-08,7.37305E-03,6.88477E-03
-6.140E-08,5.41992E-03,7.86133E-03
-6.120E-08,6.39648E-03,7.37305E-03
-6.100E-08,6.39648E-03,7.37305E-03
-6.080E-08,5.90820E-03,7.37305E-03
-6.060E-08,4.44336E-03,7.37305E-03
-6.040E-08,3.95508E-03,8.34961E-03
-6.020E-08,5.90820E-03,6.88477E-03
-6.000E-08,8.34961E-03,6.88477E-03
-5.980E-08,9.81445E-03,6.88477E-03
-5.960E-08,5.90820E-03,5.90820E-03
-5.940E-08,4.44336E-03,5.90820E-03
-5.920E-08,6.39648E-03,5.90820E-03
-5.900E-08,8.34961E-03,7.37305E-03
-5.880E-08,9.81445E-03,8.83789E-03
-5.860E-08,9.32617E-03,9.81445E-03
-5.840E-08,7.86133E-03,9.32617E-03
-5.820E-08,6.39648E-03,8.34961E-03
-5.800E-08,7.37305E-03,6.39648E-03
-5.780E-08,5.41992E-03,7.37305E-03
-5.760E-08,-1.41602E-03,4.44336E-03
-5.740E-08,-8.74023E-03,-2.88086E-03
-5.720E-08,-3.85742E-03,-3.85742E-03
-5.700E-08,9.81445E-03,6.39648E-03
-5.680E-08,2.05566E-02,1.46973E-02
-5.660E-08,1.86035E-02,1.42090E-02
-5.640E-08,9.32617E-03,2.97852E-03
-5.620E-08,1.02539E-03,-6.29883E-03
-5.600E-08,1.51367E-03,-3.36914E-03
-5.580E-08,4.44336E-03,1.51367E-03
-5.560E-08,4.93164E-03,3.95508E-03
-5.540E-08,4.93164E-03,2.00195E-03
-5.520E-08,4.93164E-03,-4.39453E-04
-5.500E-08,3.95508E-03,-4.39453E-04
-5.480E-08,2.97852E-03,1.02539E-03
-5.460E-08,3.46680E-03,1.51367E-03
-5.440E-08,6.39648E-03,3.46680E-03
-5.420E-08,6.39648E-03,4.44336E-03
-5.400E-08,5.90820E-03,3.46680E-03
-5.380E-08,4.44336E-03,2.00195E-03
-5.360E-08,2.00195E-03,4.88281E-05
-5.340E-08,2.97852E-03,1.51367E-03
-5.320E-08,4.93164E-03,3.46680E-03
-5.300E-08,4.44336E-03,3.95508E-03
-5.280E-08,3.46680E-03,3.46680E-03
-5.260E-08,3.46680E-03,2.00195E-03
-5.240E-08,4.44336E-03,4.88281E-05
-5.220E-08,5.41992E-03,-1.41602E-03
-5.200E-08,5.90820E-03,-3.85742E-03
-5.180E-08,5.41992E-03,-2.39258E-03
-5.160E-08,5.41992E-03,4.88281E-05
-5.140E-08,3.46680E-03,1.51367E-03
-5.120E-08,3.95508E-03,3.46680E-03
-5.100E-08,3.95508E-03,3.95508E-03
-5.080E-08,3.95508E-03,2.97852E-03
-5.060E-08,4.44336E-03,3.46680E-03
-5.040E-08,3.46680E-03,2.97852E-03
-5.020E-08,3.46680E-03,2.00195E-03
-5.000E-08,3.46680E-03,2.97852E-03
-4.980E-08,3.46680E-03,4.44336E-03
-4.960E-08,5.41992E-03,3.46680E-03
-4.940E-08,8.34961E-03,1.51367E-03
-4.920E-08,1.03027E-02,2.49023E-03
-4.900E-08,9.32617E-03,3.46680E-03
-4.880E-08,5.90820E-03,2.97852E-03
-4.860E-08,4.44336E-03,4.93164E-03
-4.840E-08,5.41992E-03,6.39648E-03
-4.820E-08,6.88477E-03,5.90820E-03
-4.800E-08,7.37305E-03,5.90820E-03
-4.780E-08,6.88477E-03,4.93164E-03
-4.760E-08,4.93164E-03,5.41992E-03
-4.740E-08,4.93164E-03,8.83789E-03
-4.720E-08,8.83789E-03,1.22559E-02
-4.700E-08,1.66504E-02,1.76270E-02
-4.680E-08,1.90918E-02,1.76270E-02
-4.660E-08,1.27441E-02,1.37207E-02
-4.640E-08,3.95508E-03,4.93164E-03
-4.620E-08,-9.27734E-04,-1.90430E-03
-4.600E-08,-2.39258E-03,-3.36914E-03
-4.580E-08,-9.27734E-04,-9.27734E-04
-4.560E-08,1.51367E-03,-4.39453E-04
-4.540E-08,1.02539E-03,2.00195E-03
-4.520E-08,1.02539E-03,2.49023E-03
-4.500E-08,2.97852E-03,3.95508E-03
-4.480E-08,4.44336E-03,6.39648E-03
-4.460E-08,4.93164E-03,6.88477E-03
-4.440E-08,6.39648E-03,3.95508E-03
-4.420E-08,6.88477E-03,-4.39453E-04
-4.400E-08,8.34961E-03,-4.39453E-04
-4.380E-08,4.44336E-03,-1.90430E-03
-4.360E-08,2.97852E-03,-9.27734E-04
-4.340E-08,-1.41602E-03,-9.27734E-04
-4.320E-08,1.02539E-03,4.88281E-05
-4.300E-08,2.97852E-03,1.02539E-03
-4.280E-08,4.93164E-03,-9.27734E-04
-4.260E-08,5.90820E-03,5.37109E-04
-4.240E-08,4.93164E-03,5.37109E-04
-4.220E-08,4.44336E-03,1.51367E-03
-4.200E-08,6.39648E-03,2.97852E-03
-4.180E-08,5.41992E-03,3.95508E-03
-4.160E-08,3.46680E-03,3.46680E-03
-4.140E-08,2.49023E-03,1.51367E-03
-4.120E-08,2.49023E-03,1.51367E-03
-4.100E-08,3.95508E-03,4.93164E-03
-4.080E-08,4.44336E-03,8.83789E-03
-4.060E-08,6.39648E-03,1.07910E-02
-4.040E-08,8.83789E-03,1.12793E-02
-4.020E-08,1.12793E-02,1.12793E-02
-4.000E-08,1.42090E-02,1.27441E-02
-3.980E-08,1.56738E-02,1.37207E-02
-3.960E-08,1.66504E-02,1.17676E-02
-3.940E-08,1.66504E-02,1.07910E-02
-3.920E-08,1.76270E-02,1.07910E-02
-3.900E-08,1.61621E-02,1.32324E-02
-3.880E-08,1.51855E-02,1.46973E-02
-3.860E-08,1.07910E-02,1.22559E-02
-3.840E-08,8.34961E-03,9.81445E-03
-3.820E-08,3.95508E-03,8.83789E-03
-3.800E-08,5.41992E-03,8.83789E-03
-3.780E-08,7.37305E-03,1.07910E-02
-3.760E-08,6.88477E-03,1.12793E-02
-3.740E-08,4.44336E-03,9.81445E-03
-3.720E-08,4.44336E-03,5.90820E-03
-3.700E-08,1.51367E-03,3.46680E-03
-3.680E-08,-4.34570E-03,5.37109E-04
-3.660E-08,-8.74023E-03,-6.29883E-03
-3.640E-08,-4.83398E-03,-7.27539E-03
-3.620E-08,7.86133E-03,2.97852E-03
-3.600E-08,1.81152E-02,1.32324E-02
-3.580E-08,1.81152E-02,1.37207E-02
-3.560E-08,9.32617E-03,3.95508E-03
-3.540E-08,2.49023E-03,-2.39258E-03
-3.520E-08,2.00195E-03,-4.39453E-04
-3.500E-08,4.93164E-03,6.39648E-03
-3.480E-08,6.39648E-03,7.37305E-03
-3.460E-08,3.46680E-03,4.93164E-03
-3.440E-08,1.51367E-03,3.95508E-03
-3.420E-08,1.51367E-03,2.97852E-03
-3.400E-08,1.51367E-03,4.93164E-03
-3.380E-08,5.37109E-04,7.37305E-03
-3.360E-08,3.46680E-03,7.86133E-03
-3.340E-08,6.88477E-03,1.17676E-02
-3.320E-08,8.34961E-03,1.17676E-02
-3.300E-08,7.37305E-03,8.83789E-03
-3.280E-08,8.83789E-03,5.90820E-03
-3.260E-08,1.07910E-02,7.37305E-03
-3.240E-08,1.27441E-02,8.34961E-03
-3.220E-08,1.12793E-02,1.03027E-02
-3.200E-08,1.07910E-02,8.34961E-03
-3.180E-08,8.83789E-03,6.39648E-03
-3.160E-08,6.39648E-03,3.95508E-03
-3.140E-08,7.86133E-03,4.44336E-03
-3.120E-08,8.34961E-03,4.44336E-03
-3.100E-08,1.03027E-02,4.44336E-03
-3.080E-08,8.83789E-03,2.49023E-03
-3.060E-08,8.34961E-03,2.49023E-03
-3.040E-08,7.37305E-03,5.37109E-04
-3.020E-08,7.86133E-03,-1.41602E-03
-3.000E-08,7.86133E-03,-4.39453E-04
-2.980E-08,6.88477E-03,2.00195E-03
-2.960E-08,6.39648E-03,3.46680E-03
-2.940E-08,5.90820E-03,5.90820E-03
-2.920E-08,5.41992E-03,7.37305E-03
-2.900E-08,4.44336E-03,7.37305E-03
-2.880E-08,5.41992E-03,6.39648E-03
-2.860E-08,3.46680E-03,6.39648E-03
-2.840E-08,1.51367E-03,6.88477E-03
-2.820E-08,2.97852E-03,7.37305E-03
-2.800E-08,4.93164E-03,8.34961E-03
-2.780E-08,6.39648E-03,5.41992E-03
-2.760E-08,7.37305E-03,2.97852E-03
-2.740E-08,8.34961E-03,4.88281E-05
-2.720E-08,9.81445E-03,2.97852E-03
-2.700E-08,8.83789E-03,5.41992E-03
-2.680E-08,7.37305E-03,7.86133E-03
-2.660E-08,6.88477E-03,6.88477E-03
-2.640E-08,1.07910E-02,8.83789E-03
-2.620E-08,1.90918E-02,1.42090E-02
-2.600E-08,2.05566E-02,1.90918E-02
-2.580E-08,1.46973E-02,1.61621E-02
-2.560E-08,4.44336E-03,7.86133E-03
-2.540E-08,-5.32227E-03,-9.27734E-04
-2.520E-08,-4.83398E-03,-4.34570E-03
-2.500E-08,-9.27734E-04,-4.39453E-04
-2.480E-08,1.02539E-03,2.49023E-03
-2.460E-08,-1.90430E-03,5.41992E-03
-2.440E-08,-3.36914E-03,4.44336E-03
-2.420E-08,-1.41602E-03,6.39648E-03
-2.400E-08,2.49023E-03,5.41992E-03
-2.380E-08,6.88477E-03,4.44336E-03
-2.360E-08,8.34961E-03,2.49023E-03
-2.340E-08,8.34961E-03,3.46680E-03
-2.320E-08,8.34961E-03,3.95508E-03
-2.300E-08,5.90820E-03,5.41992E-03
-2.280E-08,2.49023E-03,4.44336E-03
-2.260E-08,2.49023E-03,3.46680E-03
-2.240E-08,3.46680E-03,3.95508E-03
-2.220E-08,2.97852E-03,5.41992E-03
-2.200E-08,2.97852E-03,4.93164E-03
-2.180E-08,2.97852E-03,3.46680E-03
-2.160E-08,4.44336E-03,2.00195E-03
-2.140E-08,4.93164E-03,5.37109E-04
-2.120E-08,6.39648E-03,4.88281E-05
-2.100E-08,5.41992E-03,1.02539E-03
-2.080E-08,4.93164E-03,2.49023E-03
-2.060E-08,4.44336E-03,3.95508E-03
-2.040E-08,4.44336E-03,2.49023E-03
-2.020E-08,3.95508E-03,1.51367E-03
-2.000E-08,5.90820E-03,2.49023E-03
-1.980E-08,6.88477E-03,4.93164E-03
-1.960E-08,7.37305E-03,4.44336E-03
-1.940E-08,6.39648E-03,6.39648E-03
-1.920E-08,7.37305E-03,4.44336E-03
-1.900E-08,5.41992E-03,6.39648E-03
-1.880E-08,6.39648E-03,5.90820E-03
-1.860E-08,5.90820E-03,4.93164E-03
-1.840E-08,6.88477E-03,3.95508E-03
-1.820E-08,5.90820E-03,6.39648E-03
-1.800E-08,7.86133E-03,7.37305E-03
-1.780E-08,7.86133E-03,7.37305E-03
-1.760E-08,9.81445E-03,6.39648E-03
-1.740E-08,7.86133E-03,3.46680E-03
-1.720E-08,5.41992E-03,2.97852E-03
-1.700E-08,3.95508E-03,2.97852E-03
-1.680E-08,5.41992E-03,3.46680E-03
-1.660E-08,5.41992E-03,5.90820E-03
-1.640E-08,6.39648E-03,6.88477E-03
-1.620E-08,6.88477E-03,9.32617E-03
-1.600E-08,2.49023E-03,6.39648E-03
-1.580E-08,-6.29883E-03,-4.39453E-04
-1.560E-08,-3.85742E-03,-2.88086E-03
-1.540E-08,8.83789E-03,4.93164E-03
-1.520E-08,2.20215E-02,1.51855E-02
-1.500E-08,2.34863E-02,1.71387E-02
-1.480E-08,1.37207E-02,9.32617E-03
-1.460E-08,3.95508E-03,2.00195E-03
-1.440E-08,3.95508E-03,2.97852E-03
-1.420E-08,6.88477E-03,8.83789E-03
-1.400E-08,7.86133E-03,1.17676E-02
-1.380E-08,5.90820E-03,8.83789E-03
-1.360E-08,3.95508E-03,3.95508E-03
-1.340E-08,5.37109E-04,1.02539E-03
-1.320E-08,2.49023E-03,1.02539E-03
-1.300E-08,2.97852E-03,2.49023E-03
-1.280E-08,5.41992E-03,5.41992E-03
-1.260E-08,7.37305E-03,7.37305E-03
-1.240E-08,8.34961E-03,5.41992E-03
-1.220E-08,5.90820E-03,2.49023E-03
-1.200E-08,3.95508E-03,2.49023E-03
-1.180E-08,4.44336E-03,5.37109E-04
-1.160E-08,7.37305E-03,4.88281E-05
-1.140E-08,8.83789E-03,1.02539E-03
-1.120E-08,8.83789E-03,1.51367E-03
-1.100E-08,6.39648E-03,3.46680E-03
-1.080E-08,4.93164E-03,3.95508E-03
-1.060E-08,4.44336E-03,4.44336E-03
-1.040E-08,3.95508E-03,3.95508E-03
-1.020E-08,7.37305E-03,4.44336E-03
-1.000E-08,8.83789E-03,3.46680E-03
-9.800E-09,7.86133E-03,4.93164E-03
-9.600E-09,6.39648E-03,4.93164E-03
-9.400E-09,6.88477E-03,3.46680E-03
-9.200E-09,6.88477E-03,3.46680E-03
-9.000E-09,6.88477E-03,3.95508E-03
-8.800E-09,5.41992E-03,3.46680E-03
-8.600E-09,6.39648E-03,3.46680E-03
-8.400E-09,5.90820E-03,2.49023E-03
-8.200E-09,4.44336E-03,3.95508E-03
-8.000E-09,5.41992E-03,5.41992E-03
-7.800E-09,6.39648E-03,5.90820E-03
-7.600E-09,7.37305E-03,4.44336E-03
-7.400E-09,8.83789E-03,3.46680E-03
-7.200E-09,7.37305E-03,5.90820E-03
-7.000E-09,3.95508E-03,9.32617E-03
-6.800E-09,2.97852E-03,8.83789E-03
-6.600E-09,2.97852E-03,8.34961E-03
-6.400E-09,4.44336E-03,6.39648E-03
-6.200E-09,4.44336E-03,6.39648E-03
-6.000E-09,3.95508E-03,5.90820E-03
-5.800E-09,2.97852E-03,5.41992E-03
-5.600E-09,5.41992E-03,7.37305E-03
-5.400E-09,1.37207E-02,1.22559E-02
-5.200E-09,2.20215E-02,1.81152E-02
-5.000E-09,1.95801E-02,1.56738E-02
-4.800E-09,1.17676E-02,7.86133E-03
-4.600E-09,1.02539E-03,-1.41602E-03
-4.400E-09,-3.36914E-03,-3.36914E-03
-4.200E-09,-1.41602E-03,-1.41602E-03
-4.000E-09,2.97852E-03,2.97852E-03
-3.800E-09,2.00195E-03,3.95508E-03
-3.600E-09,1.51367E-03,2.97852E-03
-3.400E-09,1.02539E-03,2.97852E-03
-3.200E-09,2.00195E-03,3.46680E-03
-3.000E-09,2.97852E-03,6.88477E-03
-2.800E-09,5.41992E-03,7.37305E-03
-2.600E-09,6.39648E-03,6.39648E-03
-2.400E-09,5.90820E-03,6.39648E-03
-2.200E-09,4.93164E-03,5.90820E-03
-2.000E-09,2.97852E-03,3.46680E-03
-1.800E-09,2.97852E-03,2.00195E-03
-1.600E-09,3.46680E-03,2.97852E-03
-1.400E-09,5.90820E-03,4.44336E-03
-1.200E-09,8.34961E-03,4.44336E-03
-1.000E-09,9.81445E-03,4.44336E-03
-8.000E-10,1.03027E-02,4.93164E-03
-6.000E-10,7.86133E-03,8.34961E-03
-4.000E-10,1.27441E-02,9.81445E-03
-2.000E-10,4.35059E-02,1.27441E-02
-4.929E-22,1.04541E-01,1.27441E-02
2.000E-10,1.68506E-01,5.41992E-03
4.000E-10,2.18799E-01,-7.27539E-03
6.000E-10,2.57373E-01,-1.65527E-02
8.000E-10,2.83252E-01,-1.85059E-02
1.000E-09,2.98877E-01,-1.99707E-02
1.200E-09,3.05225E-01,-2.33887E-02
1.400E-09,3.10596E-01,-2.33887E-02
1.600E-09,3.12061E-01,-1.50879E-02
1.800E-09,2.93994E-01,1.95801E-02
2.000E-09,2.46143E-01,8.45215E-02
2.200E-09,1.81689E-01,1.54346E-01
2.400E-09,1.21631E-01,2.07568E-01
2.600E-09,8.01270E-02,2.45166E-01
2.800E-09,5.22949E-02,2.73486E-01
3.000E-09,3.42285E-02,2.95947E-01
3.200E-09,2.39746E-02,3.09619E-01
3.400E-09,2.15332E-02,3.18896E-01
3.600E-09,2.00684E-02,3.21826E-01
3.800E-09,2.59277E-02,3.04248E-01
4.000E-09,6.30371E-02,2.62256E-01
4.200E-09,1.27490E-01,2.02686E-01
4.400E-09,1.91943E-01,1.39209E-01
4.600E-09,2.39307E-01,9.28223E-02
4.800E-09,2.67627E-01,5.91309E-02
5.000E-09,2.86670E-01,3.42285E-02
5.200E-09,3.06201E-01,2.20215E-02
5.400E-09,3.28174E-01,2.54395E-02
5.600E-09,3.47217E-01,3.47168E-02
5.800E-09,3.47217E-01,4.44824E-02
6.000E-09,3.12061E-01,6.79199E-02
6.200E-09,2.45654E-01,1.15283E-01
6.400E-09,1.76318E-01,1.73877E-01
6.600E-09,1.27002E-01,2.29053E-01
6.800E-09,9.33105E-02,2.70068E-01
7.000E-09,6.69434E-02,2.97412E-01
7.200E-09,4.88770E-02,3.12549E-01
7.400E-09,3.66699E-02,3.19385E-01
7.600E-09,2.78809E-02,3.24756E-01
7.800E-09,2.10449E-02,3.22314E-01
8.000E-09,2.93457E-02,3.01807E-01
8.200E-09,7.18262E-02,2.57861E-01
8.400E-09,1.39697E-01,1.96826E-01
8.600E-09,2.00732E-01,1.36768E-01
8.800E-09,2.42236E-01,9.13574E-02
9.000E-09,2.70557E-01,5.91309E-02
9.200E-09,2.94971E-01,4.05762E-02
9.400E-09,3.11572E-01,3.08105E-02
9.600E-09,3.16943E-01,2.69043E-02
9.800E-09,3.18896E-01,2.49512E-02
1.000E-08,3.10596E-01,3.42285E-02
1.020E-08,2.76904E-01,7.18262E-02
1.040E-08,2.18311E-01,1.35303E-01
1.060E-08,1.53369E-01,1.96338E-01
1.080E-08,1.03076E-01,2.41748E-01
1.100E-08,7.18262E-02,2.75439E-01
1.120E-08,5.52246E-02,2.97412E-01
1.140E-08,4.69238E-02,3.10107E-01
1.160E-08,4.39941E-02,3.14990E-01
1.180E-08,4.05762E-02,3.17920E-01
1.200E-08,3.86230E-02,3.12061E-01
1.220E-08,4.74121E-02,2.87158E-01
1.240E-08,9.23340E-02,2.34912E-01
1.260E-08,1.57275E-01,1.71436E-01
1.280E-08,2.16357E-01,1.17236E-01
1.300E-08,2.53955E-01,7.86621E-02
1.320E-08,2.81787E-01,5.71777E-02
1.340E-08,3.05225E-01,4.69238E-02
1.360E-08,3.17920E-01,4.20410E-02
1.380E-08,3.24268E-01,4.00879E-02
1.400E-08,3.24268E-01,3.81348E-02
1.420E-08,3.14990E-01,4.83887E-02
1.440E-08,2.77393E-01,8.74512E-02
1.460E-08,2.15381E-01,1.47510E-01
1.480E-08,1.48975E-01,2.02686E-01
1.500E-08,1.00635E-01,2.44189E-01
1.520E-08,7.37793E-02,2.77393E-01
1.540E-08,6.30371E-02,3.07666E-01
1.560E-08,6.15723E-02,3.31104E-01
1.580E-08,5.66895E-02,3.36963E-01
1.600E-08,4.54590E-02,3.32568E-01
1.620E-08,3.32520E-02,3.15479E-01
1.640E-08,4.64355E-02,2.81787E-01
1.660E-08,9.86816E-02,2.30518E-01
1.680E-08,1.69971E-01,1.71924E-01
1.700E-08,2.28076E-01,1.22119E-01
1.720E-08,2.66650E-01,8.79395E-02
1.740E-08,2.95459E-01,7.08496E-02
1.760E-08,3.14502E-01,6.45020E-02
1.780E-08,3.26221E-01,6.20605E-02
1.800E-08,3.34521E-01,5.62012E-02
1.820E-08,3.39893E-01,5.42480E-02
1.840E-08,3.28174E-01,6.84082E-02
1.860E-08,2.84717E-01,1.11865E-01
1.880E-08,2.19287E-01,1.71436E-01
1.900E-08,1.57764E-01,2.24170E-01
1.920E-08,1.15283E-01,2.67139E-01
1.940E-08,8.74512E-02,2.99854E-01
1.960E-08,7.18262E-02,3.19385E-01
1.980E-08,6.45020E-02,3.27197E-01
2.000E-08,6.20605E-02,3.29639E-01
2.020E-08,5.62012E-02,3.30615E-01
2.040E-08,5.18066E-02,3.19385E-01
2.060E-08,6.98730E-02,2.83740E-01
2.080E-08,1.22119E-01,2.27588E-01
2.100E-08,1.87061E-01,1.65088E-01
2.120E-08,2.37354E-01,1.13330E-01
2.140E-08,2.72021E-01,7.91504E-02
2.160E-08,2.95947E-01,6.10840E-02
2.180E-08,3.09619E-01,5.42480E-02
2.200E-08,3.16455E-01,5.08301E-02
2.220E-08,3.20850E-01,4.64355E-02
2.240E-08,3.21826E-01,4.69238E-02
2.260E-08,3.07178E-01,6.54785E-02
2.280E-08,2.62744E-01,1.15283E-01
2.300E-08,1.99756E-01,1.75342E-01
2.320E-08,1.40674E-01,2.26123E-01
2.340E-08,9.86816E-02,2.66162E-01
2.360E-08,7.52441E-02,2.94971E-01
2.380E-08,6.15723E-02,3.11084E-01
2.400E-08,5.96191E-02,3.15479E-01
2.420E-08,5.96191E-02,3.20361E-01
2.440E-08,5.37598E-02,3.25732E-01
2.460E-08,5.03418E-02,3.15479E-01
2.480E-08,7.18262E-02,2.78369E-01
2.500E-08,1.29932E-01,2.20752E-01
2.520E-08,1.94873E-01,1.60693E-01
2.540E-08,2.45654E-01,1.13818E-01
2.560E-08,2.77393E-01,8.15918E-02
2.580E-08,2.93506E-01,6.05957E-02
2.600E-08,3.05225E-01,5.27832E-02
2.620E-08,3.21338E-01,5.81543E-02
2.640E-08,3.38916E-01,6.54785E-02
2.660E-08,3.47705E-01,6.88965E-02
2.680E-08,3.22803E-01,8.54980E-02
2.700E-08,2.61279E-01,1.28955E-01
2.720E-08,1.90967E-01,1.84619E-01
2.740E-08,1.34814E-01,2.36865E-01
2.760E-08,1.00635E-01,2.78857E-01
2.780E-08,7.71973E-02,3.04736E-01
2.800E-08,6.54785E-02,3.17920E-01
2.820E-08,5.81543E-02,3.22314E-01
2.840E-08,5.42480E-02,3.25732E-01
2.860E-08,4.88770E-02,3.27197E-01
2.880E-08,4.98535E-02,3.10107E-01
2.900E-08,8.01270E-02,2.68115E-01
2.920E-08,1.41650E-01,2.07080E-01
2.940E-08,2.03662E-01,1.47998E-01
2.960E-08,2.48584E-01,1.03564E-01
2.980E-08,2.79834E-01,7.42676E-02
3.000E-08,3.01318E-01,6.10840E-02
3.020E-08,3.14990E-01,5.62012E-02
3.040E-08,3.23291E-01,5.37598E-02
3.060E-08,3.30127E-01,5.03418E-02
3.080E-08,3.25732E-01,4.98535E-02
3.100E-08,2.98389E-01,7.76855E-02
3.120E-08,2.41748E-01,1.31396E-01
3.140E-08,1.74854E-01,1.92920E-01
3.160E-08,1.23096E-01,2.41748E-01
3.180E-08,8.94043E-02,2.77881E-01
3.200E-08,7.08496E-02,3.02783E-01
3.220E-08,6.20605E-02,3.17920E-01
3.240E-08,5.76660E-02,3.22314E-01
3.260E-08,5.37598E-02,3.24756E-01
3.280E-08,4.69238E-02,3.22314E-01
3.300E-08,5.08301E-02,3.01807E-01
3.320E-08,8.79395E-02,2.56396E-01
3.340E-08,1.50928E-01,1.92432E-01
3.360E-08,2.13428E-01,1.35791E-01
3.380E-08,2.56885E-01,9.33105E-02
3.400E-08,2.85205E-01,7.03613E-02
3.420E-08,3.05713E-01,6.15723E-02
3.440E-08,3.15479E-01,6.05957E-02
3.460E-08,3.22314E-01,6.01074E-02
3.480E-08,3.29150E-01,5.62012E-02
3.500E-08,3.25244E-01,5.96191E-02
3.520E-08,2.94482E-01,9.18457E-02
3.540E-08,2.34912E-01,1.49951E-01
3.560E-08,1.68018E-01,2.10498E-01
3.580E-08,1.17725E-01,2.55908E-01
3.600E-08,8.94043E-02,2.86670E-01
3.620E-08,8.11035E-02,3.11572E-01
3.640E-08,8.50098E-02,3.30615E-01
3.660E-08,8.25684E-02,3.37939E-01
3.680E-08,6.74316E-02,3.36475E-01
3.700E-08,4.69238E-02,3.22803E-01
3.720E-08,4.83887E-02,2.91064E-01
3.740E-08,9.28223E-02,2.38818E-01
3.760E-08,1.65088E-01,1.79736E-01
3.780E-08,2.26611E-01,1.27979E-01
3.800E-08,2.65186E-01,9.13574E-02
3.820E-08,2.91553E-01,7.28027E-02
3.840E-08,3.10596E-01,6.74316E-02
3.860E-08,3.20850E-01,6.35254E-02
3.880E-08,3.26709E-01,5.96191E-02
3.900E-08,3.33545E-01,5.37598E-02
3.920E-08,3.27686E-01,6.40137E-02
3.940E-08,2.93994E-01,1.02588E-01
3.960E-08,2.28564E-01,1.60205E-01
3.980E-08,1.63135E-01,2.14893E-01
4.000E-08,1.15283E-01,2.56885E-01
4.020E-08,8.59863E-02,2.89600E-01
4.040E-08,7.13379E-02,3.10107E-01
4.060E-08,6.35254E-02,3.19385E-01
4.080E-08,6.05957E-02,3.25244E-01
4.100E-08,5.57129E-02,3.30127E-01
4.120E-08,4.83887E-02,3.23779E-01
4.140E-08,5.66895E-02,2.93994E-01
4.160E-08,1.03076E-01,2.41748E-01
4.180E-08,1.69482E-01,1.79248E-01
4.200E-08,2.27588E-01,1.27002E-01
4.220E-08,2.67139E-01,9.28223E-02
4.240E-08,2.94971E-01,7.32910E-02
4.260E-08,3.15479E-01,6.45020E-02
4.280E-08,3.25244E-01,5.76660E-02
4.300E-08,3.29150E-01,5.27832E-02
4.320E-08,3.29639E-01,5.27832E-02
4.340E-08,3.16943E-01,7.03613E-02
4.360E-08,2.72998E-01,1.17725E-01
4.380E-08,2.09033E-01,1.77783E-01
4.400E-08,1.50928E-01,2.28564E-01
4.420E-08,1.08447E-01,2.67139E-01
4.440E-08,8.40332E-02,2.95947E-01
4.460E-08,7.08496E-02,3.14990E-01
4.480E-08,6.35254E-02,3.20361E-01
4.500E-08,5.86426E-02,3.23779E-01
4.520E-08,5.27832E-02,3.25732E-01
4.540E-08,5.03418E-02,3.15479E-01
4.560E-08,7.23145E-02,2.79834E-01
4.580E-08,1.27979E-01,2.22217E-01
4.600E-08,1.92920E-01,1.61182E-01
4.620E-08,2.46143E-01,1.15771E-01
4.640E-08,2.78857E-01,8.54980E-02
4.660E-08,2.97900E-01,6.54785E-02
4.680E-08,3.07178E-01,5.66895E-02
4.700E-08,3.21826E-01,5.66895E-02
4.720E-08,3.41357E-01,6.59668E-02
4.740E-08,3.50635E-01,7.13379E-02
4.760E-08,3.30127E-01,8.45215E-02
4.780E-08,2.74951E-01,1.23584E-01
4.800E-08,2.05127E-01,1.77295E-01
4.820E-08,1.47998E-01,2.31982E-01
4.840E-08,1.10889E-01,2.74951E-01
4.860E-08,8.69629E-02,3.01807E-01
4.880E-08,7.37793E-02,3.15479E-01
4.900E-08,6.79199E-02,3.18896E-01
4.920E-08,6.30371E-02,3.23291E-01
4.940E-08,5.42480E-02,3.26221E-01
4.960E-08,4.98535E-02,3.12061E-01
4.980E-08,7.57324E-02,2.75928E-01
5.000E-08,1.34326E-01,2.21240E-01
5.020E-08,1.97803E-01,1.58740E-01
5.040E-08,2.45654E-01,1.11377E-01
5.060E-08,2.76904E-01,7.91504E-02
5.080E-08,3.03760E-01,6.40137E-02
5.100E-08,3.18408E-01,6.10840E-02
5.120E-08,3.23779E-01,5.86426E-02
5.140E-08,3.27686E-01,5.47363E-02
5.160E-08,3.27686E-01,5.47363E-02
5.180E-08,3.08154E-01,8.01270E-02
5.200E-08,2.54932E-01,1.34814E-01
5.220E-08,1.89014E-01,1.97314E-01
5.240E-08,1.31396E-01,2.45166E-01
5.260E-08,9.28223E-02,2.76904E-01
5.280E-08,7.42676E-02,2.99854E-01
5.300E-08,6.20605E-02,3.12061E-01
5.320E-08,5.91309E-02,3.17920E-01
5.340E-08,5.62012E-02,3.22314E-01
5.360E-08,4.93652E-02,3.23291E-01
5.380E-08,4.74121E-02,3.05713E-01
5.400E-08,7.67090E-02,2.62744E-01
5.420E-08,1.39209E-01,2.02197E-01
5.440E-08,2.05615E-01,1.45068E-01
5.460E-08,2.52490E-01,1.02588E-01
5.480E-08,2.84229E-01,7.86621E-02
5.500E-08,3.08643E-01,6.88965E-02
5.520E-08,3.21338E-01,6.40137E-02
5.540E-08,3.27197E-01,5.66895E-02
5.560E-08,3.35498E-01,5.18066E-02
5.580E-08,3.44287E-01,4.83887E-02
5.600E-08,3.50146E-01,4.39941E-02
5.620E-08,3.51611E-01,3.86230E-02
5.640E-08,3.53076E-01,2.98340E-02
5.660E-08,3.56006E-01,2.05566E-02
5.680E-08,3.62842E-01,1.32324E-02
5.700E-08,3.75537E-01,1.17676E-02
5.720E-08,3.89209E-01,1.22559E-02
5.740E-08,3.98486E-01,1.03027E-02
5.760E-08,3.93115E-01,4.44336E-03
5.780E-08,3.77490E-01,-5.32227E-03
5.800E-08,3.62354E-01,-1.21582E-02
5.820E-08,3.58447E-01,-1.31348E-02
5.840E-08,3.60889E-01,-8.25195E-03
5.860E-08,3.65771E-01,-1.41602E-03
5.880E-08,3.66260E-01,2.49023E-03
5.900E-08,3.64307E-01,6.39648E-03
5.920E-08,3.60889E-01,1.32324E-02
5.940E-08,3.57471E-01,1.76270E-02
5.960E-08,3.55518E-01,2.05566E-02
5.980E-08,3.56494E-01,2.39746E-02
6.000E-08,3.50635E-01,3.61816E-02
6.020E-08,3.20361E-01,7.52441E-02
6.040E-08,2.60303E-01,1.38232E-01
6.060E-08,1.91943E-01,1.97803E-01
6.080E-08,1.36768E-01,2.45654E-01
6.100E-08,1.01611E-01,2.79346E-01
6.120E-08,8.11035E-02,3.00830E-01
6.140E-08,7.32910E-02,3.13037E-01
6.160E-08,7.18262E-02,3.19873E-01
6.180E-08,6.98730E-02,3.28174E-01
6.200E-08,6.30371E-02,3.36963E-01
6.220E-08,5.42480E-02,3.41846E-01
6.240E-08,4.64355E-02,3.42334E-01
6.260E-08,3.86230E-02,3.44287E-01
6.280E-08,3.42285E-02,3.47217E-01
6.300E-08,3.08105E-02,3.54053E-01
6.320E-08,2.88574E-02,3.60889E-01
6.340E-08,2.44629E-02,3.71143E-01
6.360E-08,1.76270E-02,3.77490E-01
6.380E-08,9.32617E-03,3.77002E-01
6.400E-08,7.37305E-03,3.66748E-01
6.420E-08,1.51855E-02,3.41846E-01
6.440E-08,5.32715E-02,2.95459E-01
6.460E-08,1.21143E-01,2.33936E-01
6.480E-08,1.93408E-01,1.68994E-01
6.500E-08,2.46631E-01,1.18701E-01
6.520E-08,2.81299E-01,8.40332E-02
6.540E-08,3.09619E-01,6.59668E-02
6.560E-08,3.29639E-01,5.13184E-02
6.580E-08,3.40381E-01,4.05762E-02
6.600E-08,3.38916E-01,3.32520E-02
6.620E-08,3.27686E-01,3.91113E-02
6.640E-08,2.97900E-01,7.13379E-02
6.660E-08,2.42236E-01,1.30908E-01
6.680E-08,1.78760E-01,1.95361E-01
6.700E-08,1.27979E-01,2.51514E-01
6.720E-08,9.08691E-02,2.89600E-01
6.740E-08,5.96191E-02,3.14502E-01
6.760E-08,3.27637E-02,3.29150E-01
6.780E-08,2.59277E-02,3.39893E-01
6.800E-08,3.47168E-02,3.57471E-01
6.820E-08,4.44824E-02,3.73096E-01
6.840E-08,4.15527E-02,3.76514E-01
6.860E-08,2.64160E-02,3.70166E-01
6.880E-08,1.37207E-02,3.62842E-01
6.900E-08,9.81445E-03,3.59424E-01
6.920E-08,1.07910E-02,3.62842E-01
6.940E-08,1.32324E-02,3.61377E-01
6.960E-08,1.81152E-02,3.57471E-01
6.980E-08,2.34863E-02,3.55518E-01
7.000E-08,2.83691E-02,3.55518E-01
7.020E-08,2.93457E-02,3.55518E-01
7.040E-08,3.03223E-02,3.41357E-01
7.060E-08,5.47363E-02,3.06689E-01
7.080E-08,1.13330E-01,2.53467E-01
7.100E-08,1.80713E-01,1.89014E-01
7.120E-08,2.33936E-01,1.34814E-01
7.140E-08,2.72021E-01,9.47754E-02
7.160E-08,3.00830E-01,7.18262E-02
7.180E-08,3.24268E-01,5.81543E-02
7.200E-08,3.37451E-01,4.74121E-02
7.220E-08,3.45752E-01,3.81348E-02
7.240E-08,3.50635E-01,3.12988E-02
7.260E-08,3.53076E-01,2.49512E-02
7.280E-08,3.53076E-01,2.10449E-02
7.300E-08,3.52100E-01,1.95801E-02
7.320E-08,3.54053E-01,2.05566E-02
7.340E-08,3.56006E-01,1.95801E-02
7.360E-08,3.58447E-01,2.05566E-02
7.380E-08,3.57959E-01,2.10449E-02
7.400E-08,3.54053E-01,2.44629E-02
7.420E-08,3.50146E-01,2.64160E-02
7.440E-08,3.45264E-01,2.64160E-02
7.460E-08,3.43799E-01,2.29980E-02
7.480E-08,3.41846E-01,1.86035E-02
7.500E-08,3.41357E-01,1.61621E-02
7.520E-08,3.44287E-01,1.56738E-02
7.540E-08,3.50635E-01,1.12793E-02
7.560E-08,3.56982E-01,7.37305E-03
7.580E-08,3.63330E-01,4.44336E-03
7.600E-08,3.63330E-01,1.51367E-03
7.620E-08,3.65283E-01,-9.27734E-04
7.640E-08,3.71143E-01,-2.39258E-03
7.660E-08,3.78467E-01,4.88281E-05
7.680E-08,3.81885E-01,-4.39453E-04
7.700E-08,3.82861E-01,2.00195E-03
7.720E-08,3.80908E-01,1.51367E-03
7.740E-08,3.78467E-01,4.88281E-05
7.760E-08,3.77979E-01,1.02539E-03
7.780E-08,3.81885E-01,5.41992E-03
7.800E-08,3.92139E-01,1.32324E-02
7.820E-08,3.97021E-01,2.20215E-02
7.840E-08,3.91162E-01,2.00684E-02
7.860E-08,3.79443E-01,1.07910E-02
7.880E-08,3.72607E-01,-9.27734E-04
7.900E-08,3.72607E-01,-5.32227E-03
7.920E-08,3.75049E-01,-4.83398E-03
7.940E-08,3.76025E-01,-1.90430E-03
7.960E-08,3.72607E-01,-3.36914E-03
7.980E-08,3.68701E-01,-1.41602E-03
8.000E-08,3.70166E-01,2.49023E-03
8.020E-08,3.71143E-01,5.90820E-03
8.040E-08,3.68701E-01,5.41992E-03
8.060E-08,3.62354E-01,4.44336E-03
8.080E-08,3.52588E-01,1.07910E-02
8.100E-08,3.26709E-01,4.69238E-02
8.120E-08,2.72998E-01,1.13818E-01
8.140E-08,2.07080E-01,1.84131E-01
8.160E-08,1.51904E-01,2.36865E-01
8.180E-08,1.14307E-01,2.74463E-01
8.200E-08,8.84277E-02,3.04736E-01
8.220E-08,6.79199E-02,3.26221E-01
8.240E-08,5.57129E-02,3.36963E-01
8.260E-08,4.79004E-02,3.42822E-01
8.280E-08,4.39941E-02,3.44287E-01
8.300E-08,4.15527E-02,3.42822E-01
8.320E-08,3.71582E-02,3.43799E-01
8.340E-08,3.08105E-02,3.44287E-01
8.360E-08,2.83691E-02,3.46729E-01
8.380E-08,2.54395E-02,3.50635E-01
8.400E-08,2.59277E-02,3.54541E-01
8.420E-08,2.64160E-02,3.59424E-01
8.440E-08,2.54395E-02,3.61865E-01
8.460E-08,2.29980E-02,3.60889E-01
8.480E-08,1.95801E-02,3.55518E-01
8.500E-08,2.20215E-02,3.36475E-01
8.520E-08,5.32715E-02,2.97412E-01
8.540E-08,1.19678E-01,2.38818E-01
8.560E-08,1.91455E-01,1.76318E-01
8.580E-08,2.44678E-01,1.23584E-01
8.600E-08,2.79834E-01,8.74512E-02
8.620E-08,3.07666E-01,6.35254E-02
8.640E-08,3.25732E-01,4.74121E-02
8.660E-08,3.34521E-01,3.66699E-02
8.680E-08,3.36475E-01,2.88574E-02
8.700E-08,3.32568E-01,3.03223E-02
8.720E-08,3.07666E-01,6.01074E-02
8.740E-08,2.57861E-01,1.18701E-01
8.760E-08,1.93896E-01,1.87549E-01
8.780E-08,1.36768E-01,2.43213E-01
8.800E-08,9.57520E-02,2.82764E-01
8.820E-08,6.35254E-02,3.06689E-01
8.840E-08,3.86230E-02,3.17920E-01
8.860E-08,2.73926E-02,3.27686E-01
8.880E-08,3.52051E-02,3.49658E-01
8.900E-08,4.49707E-02,3.69189E-01
8.920E-08,4.54590E-02,3.75537E-01
8.940E-08,3.27637E-02,3.71143E-01
8.960E-08,1.86035E-02,3.64307E-01
8.980E-08,1.17676E-02,3.65283E-01
9.000E-08,1.32324E-02,3.69678E-01
9.020E-08,1.76270E-02,3.71143E-01
9.040E-08,2.20215E-02,3.65771E-01
9.060E-08,2.39746E-02,3.60400E-01
9.080E-08,2.73926E-02,3.60400E-01
9.100E-08,3.22754E-02,3.63330E-01
9.120E-08,3.32520E-02,3.66260E-01
9.140E-08,3.12988E-02,3.68213E-01
9.160E-08,2.69043E-02,3.70166E-01
9.180E-08,2.39746E-02,3.70654E-01
9.200E-08,2.20215E-02,3.71143E-01
9.220E-08,1.90918E-02,3.72607E-01
9.240E-08,1.81152E-02,3.74561E-01
9.260E-08,1.76270E-02,3.73096E-01
9.280E-08,1.71387E-02,3.69678E-01
9.300E-08,1.61621E-02,3.67725E-01
9.320E-08,1.46973E-02,3.57471E-01
9.340E-08,2.20215E-02,3.28174E-01
9.360E-08,6.20605E-02,2.77881E-01
9.380E-08,1.33350E-01,2.16357E-01
9.400E-08,2.02686E-01,1.60693E-01
9.420E-08,2.50537E-01,1.16260E-01
9.440E-08,2.82764E-01,8.59863E-02
9.460E-08,3.06201E-01,6.74316E-02
9.480E-08,3.18408E-01,5.91309E-02
9.500E-08,3.20850E-01,5.37598E-02
9.520E-08,3.20850E-01,4.93652E-02
9.540E-08,3.10107E-01,5.71777E-02
9.560E-08,2.82275E-01,9.23340E-02
9.580E-08,2.27100E-01,1.56299E-01
9.600E-08,1.66064E-01,2.17822E-01
9.620E-08,1.16260E-01,2.61768E-01
9.640E-08,8.45215E-02,2.93994E-01
9.660E-08,6.30371E-02,3.17920E-01
9.680E-08,4.88770E-02,3.31592E-01
9.700E-08,3.91113E-02,3.36963E-01
9.720E-08,3.56934E-02,3.40869E-01
9.740E-08,3.32520E-02,3.33057E-01
9.760E-08,4.69238E-02,3.05713E-01
9.780E-08,9.28223E-02,2.54443E-01
9.800E-08,1.59717E-01,1.90967E-01
9.820E-08,2.20752E-01,1.35303E-01
9.840E-08,2.65674E-01,9.47754E-02
9.860E-08,3.00830E-01,7.03613E-02
9.880E-08,3.34521E-01,6.20605E-02
9.900E-08,3.53564E-01,5.96191E-02
9.920E-08,3.58936E-01,5.47363E-02
9.940E-08,3.54541E-01,4.35059E-02
9.960E-08,3.51611E-01,3.37402E-02
9.980E-08,3.52100E-01,2.69043E-02
1.000E-07,3.55029E-01,2.15332E-02
1.002E-07,3.55518E-01,1.61621E-02
1.004E-07,3.57471E-01,1.17676E-02
1.006E-07,3.61377E-01,1.07910E-02
1.008E-07,3.68213E-01,9.81445E-03
1.010E-07,3.76025E-01,8.34961E-03
1.012E-07,3.77979E-01,5.90820E-03
1.014E-07,3.76514E-01,2.49023E-03
1.016E-07,3.66748E-01,9.32617E-03
1.018E-07,3.39404E-01,3.91113E-02
1.020E-07,2.83252E-01,1.02100E-01
1.022E-07,2.12939E-01,1.72412E-01
1.024E-07,1.53369E-01,2.30518E-01
1.026E-07,1.08936E-01,2.76904E-01
1.028E-07,8.06152E-02,3.12549E-01
1.030E-07,5.96191E-02,3.39404E-01
1.032E-07,4.49707E-02,3.53564E-01
1.034E-07,3.22754E-02,3.61377E-01
1.036E-07,2.54395E-02,3.55518E-01
1.038E-07,3.17871E-02,3.29639E-01
1.040E-07,7.13379E-02,2.82764E-01
1.042E-07,1.38232E-01,2.17822E-01
1.044E-07,2.03174E-01,1.52393E-01
1.046E-07,2.56396E-01,1.04053E-01
1.048E-07,2.97412E-01,7.28027E-02
1.050E-07,3.30615E-01,5.42480E-02
1.052E-07,3.50146E-01,3.91113E-02
1.054E-07,3.60400E-01,2.78809E-02
1.056E-07,3.63818E-01,1.95801E-02
1.058E-07,3.55518E-01,2.54395E-02
1.060E-07,3.24756E-01,5.96191E-02
1.062E-07,2.66162E-01,1.21631E-01
1.064E-07,1.99756E-01,1.86084E-01
1.066E-07,1.46045E-01,2.39795E-01
1.068E-07,1.08936E-01,2.82764E-01
1.070E-07,7.96387E-02,3.16943E-01
1.072E-07,5.62012E-02,3.38916E-01
1.074E-07,4.00879E-02,3.48193E-01
1.076E-07,3.12988E-02,3.52100E-01
1.078E-07,2.64160E-02,3.45752E-01
1.080E-07,3.42285E-02,3.21826E-01
1.082E-07,7.52441E-02,2.73486E-01
1.084E-07,1.43115E-01,2.06104E-01
1.086E-07,2.04150E-01,1.46045E-01
1.088E-07,2.51025E-01,1.02100E-01
1.090E-07,2.81787E-01,7.03613E-02
1.092E-07,3.01318E-01,4.54590E-02
1.094E-07,3.21338E-01,3.12988E-02
1.096E-07,3.43311E-01,3.47168E-02
1.098E-07,3.59912E-01,4.64355E-02
1.100E-07,3.61865E-01,4.93652E-02
1.102E-07,3.52588E-01,4.05762E-02
1.104E-07,3.41357E-01,2.93457E-02
1.106E-07,3.41846E-01,2.25098E-02
1.108E-07,3.51123E-01,2.29980E-02
1.110E-07,3.61865E-01,2.29980E-02
1.112E-07,3.66748E-01,2.05566E-02
1.114E-07,3.69678E-01,1.61621E-02
1.116E-07,3.72119E-01,1.12793E-02
1.118E-07,3.77979E-01,5.90820E-03
1.120E-07,3.82373E-01,5.41992E-03
1.122E-07,3.84326E-01,6.39648E-03
1.124E-07,3.84326E-01,7.37305E-03
1.126E-07,3.84814E-01,7.37305E-03
1.128E-07,3.82861E-01,7.86133E-03
1.130E-07,3.76514E-01,9.81445E-03
1.132E-07,3.75049E-01,1.22559E-02
1.134E-07,3.74072E-01,1.56738E-02
1.136E-07,3.72119E-01,1.90918E-02
1.138E-07,3.65771E-01,2.15332E-02
1.140E-07,3.57471E-01,1.95801E-02
1.142E-07,3.54541E-01,1.81152E-02
1.144E-07,3.55029E-01,1.71387E-02
1.146E-07,3.57959E-01,1.71387E-02
1.148E-07,3.60889E-01,1.56738E-02
1.150E-07,3.64307E-01,1.27441E-02
1.152E-07,3.69189E-01,6.39648E-03
1.154E-07,3.73096E-01,2.49023E-03
1.156E-07,3.78467E-01,-1.90430E-03
1.158E-07,3.82861E-01,-5.81055E-03
1.160E-07,3.86279E-01,-9.71680E-03
1.162E-07,3.86768E-01,-8.74023E-03
1.164E-07,3.86768E-01,-8.25195E-03
1.166E-07,3.82861E-01,-5.81055E-03
1.168E-07,3.81396E-01,-6.29883E-03
1.170E-07,3.79932E-01,-4.83398E-03
1.172E-07,3.77979E-01,-2.39258E-03
1.174E-07,3.77490E-01,6.39648E-03
1.176E-07,3.74072E-01,1.42090E-02
1.178E-07,3.68213E-01,2.05566E-02
1.180E-07,3.62842E-01,1.90918E-02
1.182E-07,3.62842E-01,1.51855E-02
1.184E-07,3.65771E-01,1.07910E-02
1.186E-07,3.70654E-01,1.07910E-02
1.188E-07,3.73096E-01,8.34961E-03
1.190E-07,3.77002E-01,3.46680E-03
1.192E-07,3.77490E-01,4.88281E-05
1.194E-07,3.78955E-01,-9.27734E-04
1.196E-07,3.85791E-01,3.95508E-03
1.198E-07,3.92139E-01,9.81445E-03
1.200E-07,3.88232E-01,8.34961E-03
1.202E-07,3.78467E-01,3.46680E-03
1.204E-07,3.65283E-01,-1.41602E-03
1.206E-07,3.59424E-01,5.37109E-04
1.208E-07,3.60889E-01,5.41992E-03
1.210E-07,3.63818E-01,5.41992E-03
1.212E-07,3.63818E-01,1.51367E-03
1.214E-07,3.64307E-01,1.02539E-03
1.216E-07,3.65771E-01,5.41992E-03
1.218E-07,3.66748E-01,1.17676E-02
1.220E-07,3.67236E-01,1.61621E-02
1.222E-07,3.71143E-01,1.42090E-02
1.224E-07,3.77002E-01,1.22559E-02
1.226E-07,3.82861E-01,8.83789E-03
1.228E-07,3.83838E-01,4.44336E-03
1.230E-07,3.83350E-01,1.51367E-03
1.232E-07,3.79932E-01,2.00195E-03
1.234E-07,3.77002E-01,4.44336E-03
1.236E-07,3.76514E-01,4.44336E-03
1.238E-07,3.77490E-01,2.97852E-03
1.240E-07,3.79443E-01,1.51367E-03
1.242E-07,3.79443E-01,5.37109E-04
1.244E-07,3.77002E-01,2.00195E-03
1.246E-07,3.73584E-01,1.51367E-03
1.248E-07,3.72119E-01,6.39648E-03
1.250E-07,3.72607E-01,8.83789E-03
1.252E-07,3.72607E-01,1.07910E-02
1.254E-07,3.72119E-01,9.32617E-03
1.256E-07,3.73584E-01,8.34961E-03
1.258E-07,3.76025E-01,7.37305E-03
1.260E-07,3.76025E-01,6.88477E-03
1.262E-07,3.76514E-01,6.39648E-03
1.264E-07,3.75537E-01,2.49023E-03
1.266E-07,3.76025E-01,2.00195E-03
1.268E-07,3.75537E-01,3.46680E-03
1.270E-07,3.76025E-01,4.44336E-03
1.272E-07,3.74561E-01,4.44336E-03
1.274E-07,3.74561E-01,2.97852E-03
1.276E-07,3.75537E-01,2.97852E-03
1.278E-07,3.74561E-01,3.95508E-03
1.280E-07,3.73584E-01,1.51367E-03
1.282E-07,3.72607E-01,1.51367E-03
1.284E-07,3.71143E-01,1.51367E-03
1.286E-07,3.71143E-01,2.97852E-03
1.288E-07,3.71631E-01,3.95508E-03
1.290E-07,3.73096E-01,3.95508E-03
1.292E-07,3.75049E-01,4.93164E-03
1.294E-07,3.73584E-01,6.88477E-03
1.296E-07,3.72607E-01,9.81445E-03
1.298E-07,3.68213E-01,7.37305E-03
1.300E-07,3.59912E-01,-2.39258E-03
1.302E-07,3.60889E-01,-6.29883E-03
1.304E-07,3.75537E-01,1.51367E-03
1.306E-07,3.91162E-01,1.42090E-02
1.308E-07,3.96045E-01,1.76270E-02
1.310E-07,3.89697E-01,1.27441E-02
1.312E-07,3.77979E-01,3.95508E-03
1.314E-07,3.75049E-01,3.46680E-03
1.316E-07,3.76514E-01,6.39648E-03
1.318E-07,3.76514E-01,9.81445E-03
1.320E-07,3.77002E-01,6.39648E-03
1.322E-07,3.76514E-01,4.93164E-03
1.324E-07,3.77979E-01,4.93164E-03
1.326E-07,3.78955E-01,5.41992E-03
1.328E-07,3.77979E-01,7.37305E-03
1.330E-07,3.77979E-01,8.83789E-03
1.332E-07,3.78467E-01,1.07910E-02
1.334E-07,3.79443E-01,1.07910E-02
1.336E-07,3.79443E-01,9.32617E-03
1.338E-07,3.77490E-01,6.88477E-03
1.340E-07,3.75537E-01,4.93164E-03
1.342E-07,3.75049E-01,6.39648E-03
1.344E-07,3.77979E-01,7.37305E-03
1.346E-07,3.79443E-01,9.32617E-03
1.348E-07,3.79443E-01,9.81445E-03
1.350E-07,3.78955E-01,9.32617E-03
1.352E-07,3.78955E-01,8.34961E-03
1.354E-07,3.78467E-01,7.86133E-03
1.356E-07,3.77490E-01,6.39648E-03
1.358E-07,3.75049E-01,3.95508E-03
1.360E-07,3.75537E-01,3.46680E-03
1.362E-07,3.77002E-01,4.93164E-03
1.364E-07,3.77490E-01,6.39648E-03
1.366E-07,3.77002E-01,4.44336E-03
1.368E-07,3.73584E-01,3.46680E-03
1.370E-07,3.75049E-01,2.97852E-03
1.372E-07,3.73584E-01,4.44336E-03
1.374E-07,3.73584E-01,3.46680E-03
1.376E-07,3.75049E-01,3.46680E-03
1.378E-07,3.76025E-01,1.02539E-03
1.380E-07,3.77490E-01,5.37109E-04
1.382E-07,3.77002E-01,1.51367E-03
1.384E-07,3.75049E-01,3.46680E-03
1.386E-07,3.75049E-01,2.97852E-03
1.388E-07,3.77002E-01,1.51367E-03
1.390E-07,3.78467E-01,1.51367E-03
1.392E-07,3.80908E-01,2.49023E-03
1.394E-07,3.82373E-01,3.95508E-03
1.396E-07,3.81396E-01,4.44336E-03
1.398E-07,3.78955E-01,2.97852E-03
1.400E-07,3.77979E-01,2.49023E-03
1.402E-07,3.77979E-01,3.95508E-03
1.404E-07,3.84814E-01,7.37305E-03
1.406E-07,3.91650E-01,1.37207E-02
1.408E-07,3.92627E-01,1.71387E-02
1.410E-07,3.83838E-01,1.22559E-02
1.412E-07,3.72119E-01,1.51367E-03
1.414E-07,3.65771E-01,-5.81055E-03
1.416E-07,3.66748E-01,-4.83398E-03
1.418E-07,3.72607E-01,-9.27734E-04
1.420E-07,3.77002E-01,4.88281E-05
1.422E-07,3.78467E-01,-1.41602E-03
1.424E-07,3.80420E-01,-4.39453E-04
1.426E-07,3.78955E-01,3.46680E-03
1.428E-07,3.76514E-01,4.93164E-03
1.430E-07,3.78467E-01,4.44336E-03
1.432E-07,3.81396E-01,3.46680E-03
1.434E-07,3.83838E-01,4.93164E-03
1.436E-07,3.81885E-01,5.90820E-03
1.438E-07,3.78467E-01,3.95508E-03
1.440E-07,3.76025E-01,2.00195E-03
1.442E-07,3.77002E-01,1.51367E-03
1.444E-07,3.78467E-01,2.00195E-03
1.446E-07,3.78955E-01,2.97852E-03
1.448E-07,3.79443E-01,5.41992E-03
1.450E-07,3.79443E-01,8.34961E-03
1.452E-07,3.82373E-01,9.32617E-03
1.454E-07,3.82861E-01,1.03027E-02
1.456E-07,3.81396E-01,1.03027E-02
1.458E-07,3.79443E-01,1.03027E-02
1.460E-07,3.76514E-01,6.88477E-03
1.462E-07,3.78955E-01,3.95508E-03
1.464E-07,3.80420E-01,2.97852E-03
1.466E-07,3.80420E-01,6.39648E-03
1.468E-07,3.81396E-01,8.34961E-03
1.470E-07,3.79443E-01,8.34961E-03
1.472E-07,3.80420E-01,5.90820E-03
1.474E-07,3.79443E-01,5.90820E-03
1.476E-07,3.77979E-01,7.37305E-03
1.478E-07,3.77002E-01,6.88477E-03
1.480E-07,3.76514E-01,7.37305E-03
1.482E-07,3.78467E-01,6.88477E-03
1.484E-07,3.80420E-01,7.86133E-03
1.486E-07,3.83350E-01,5.90820E-03
1.488E-07,3.80908E-01,1.51367E-03
1.490E-07,3.74561E-01,-1.41602E-03
1.492E-07,3.71143E-01,-4.39453E-04
1.494E-07,3.72607E-01,2.00195E-03
1.496E-07,3.76025E-01,4.44336E-03
1.498E-07,3.78467E-01,4.44336E-03
1.500E-07,3.78467E-01,1.51367E-03
1.502E-07,3.76514E-01,-4.39453E-04
1.504E-07,3.76025E-01,1.02539E-03
1.506E-07,3.72607E-01,1.51367E-03
1.508E-07,3.63330E-01,-1.90430E-03
1.510E-07,3.59912E-01,-5.32227E-03
1.512E-07,3.70166E-01,1.51367E-03
1.514E-07,3.85303E-01,1.32324E-02
1.516E-07,3.93115E-01,2.20215E-02
1.518E-07,3.90674E-01,1.56738E-02
1.520E-07,3.82373E-01,4.93164E-03
1.522E-07,3.78467E-01,-2.39258E-03
1.524E-07,3.80908E-01,-4.39453E-04
1.526E-07,3.85791E-01,3.46680E-03
1.528E-07,3.87744E-01,6.39648E-03
1.530E-07,3.83350E-01,7.86133E-03
1.532E-07,3.79932E-01,1.12793E-02
1.534E-07,3.76514E-01,1.12793E-02
1.536E-07,3.78467E-01,6.88477E-03
1.538E-07,3.80908E-01,3.46680E-03
1.540E-07,3.82861E-01,4.88281E-05
1.542E-07,3.82373E-01,2.00195E-03
1.544E-07,3.79932E-01,3.46680E-03
1.546E-07,3.75049E-01,3.95508E-03
1.548E-07,3.75537E-01,5.41992E-03
1.550E-07,3.76025E-01,6.39648E-03
1.552E-07,3.79443E-01,5.90820E-03
1.554E-07,3.80908E-01,4.93164E-03
1.556E-07,3.79443E-01,4.44336E-03
1.558E-07,3.77002E-01,3.46680E-03
1.560E-07,3.77979E-01,4.44336E-03
1.562E-07,3.80420E-01,5.41992E-03
1.564E-07,3.80908E-01,5.90820E-03
1.566E-07,3.79932E-01,5.90820E-03
1.568E-07,3.77490E-01,3.95508E-03
1.570E-07,3.75049E-01,4.44336E-03
1.572E-07,3.72119E-01,3.46680E-03
1.574E-07,3.70166E-01,3.46680E-03
1.576E-07,3.71631E-01,3.46680E-03
1.578E-07,3.73584E-01,2.97852E-03
1.580E-07,3.77490E-01,1.51367E-03
1.582E-07,3.77979E-01,5.37109E-04
1.584E-07,3.76514E-01,-9.27734E-04
1.586E-07,3.74561E-01,4.88281E-05
1.588E-07,3.73584E-01,2.00195E-03
1.590E-07,3.74561E-01,3.46680E-03
1.592E-07,3.74561E-01,2.00195E-03
1.594E-07,3.72607E-01,1.02539E-03
1.596E-07,3.72119E-01,1.02539E-03
1.598E-07,3.72607E-01,4.88281E-05
1.600E-07,3.73096E-01,5.37109E-04
1.602E-07,3.75537E-01,3.46680E-03
1.604E-07,3.77002E-01,3.95508E-03
1.606E-07,3.77979E-01,2.49023E-03
1.608E-07,3.75537E-01,2.97852E-03
1.610E-07,3.74561E-01,3.46680E-03
1.612E-07,3.77979E-01,6.39648E-03
1.614E-07,3.86279E-01,1.17676E-02
1.616E-07,3.86279E-01,1.51855E-02
1.618E-07,3.78467E-01,1.37207E-02
1.620E-07,3.67725E-01,3.46680E-03
1.622E-07,3.63818E-01,-1.90430E-03
1.624E-07,3.66260E-01,-9.27734E-04
1.626E-07,3.67236E-01,3.95508E-03
1.628E-07,3.66260E-01,4.44336E-03
1.630E-07,3.65283E-01,3.46680E-03
1.632E-07,3.70166E-01,2.49023E-03
1.634E-07,3.75537E-01,4.93164E-03
1.636E-07,3.77490E-01,6.88477E-03
1.638E-07,3.77002E-01,7.37305E-03
1.640E-07,3.76025E-01,8.34961E-03
1.642E-07,3.77979E-01,1.03027E-02
1.644E-07,3.79443E-01,1.07910E-02
1.646E-07,3.78467E-01,8.83789E-03
1.648E-07,3.77490E-01,4.93164E-03
1.650E-07,3.77979E-01,4.44336E-03
1.652E-07,3.79443E-01,6.88477E-03
1.654E-07,3.81396E-01,1.07910E-02
1.656E-07,3.80908E-01,1.03027E-02
1.658E-07,3.79932E-01,1.07910E-02
1.660E-07,3.78467E-01,6.88477E-03
1.662E-07,3.75049E-01,3.95508E-03
1.664E-07,3.75049E-01,2.49023E-03
1.666E-07,3.77002E-01,2.49023E-03
1.668E-07,3.77002E-01,3.46680E-03
1.670E-07,3.77979E-01,4.44336E-03
1.672E-07,3.78955E-01,3.95508E-03
1.674E-07,3.78955E-01,3.95508E-03
1.676E-07,3.77490E-01,3.95508E-03
1.678E-07,3.76025E-01,3.46680E-03
1.680E-07,3.75049E-01,4.93164E-03
1.682E-07,3.75537E-01,4.44336E-03
1.684E-07,3.75537E-01,4.93164E-03
1.686E-07,3.76514E-01,5.90820E-03
1.688E-07,3.75537E-01,7.37305E-03
1.690E-07,3.73096E-01,7.86133E-03
1.692E-07,3.72119E-01,7.37305E-03
1.694E-07,3.71143E-01,7.37305E-03
1.696E-07,3.71143E-01,6.88477E-03
1.698E-07,3.71143E-01,4.44336E-03
1.700E-07,3.71631E-01,1.51367E-03
1.702E-07,3.70654E-01,-4.39453E-04
1.704E-07,3.72607E-01,-4.39453E-04
1.706E-07,3.74561E-01,2.00195E-03
1.708E-07,3.76025E-01,3.95508E-03
1.710E-07,3.76514E-01,5.41992E-03
1.712E-07,3.78467E-01,4.44336E-03
1.714E-07,3.77002E-01,3.46680E-03
1.716E-07,3.68213E-01,-3.85742E-03
1.718E-07,3.61865E-01,-1.06934E-02
1.720E-07,3.68701E-01,-5.81055E-03
1.722E-07,3.84326E-01,8.34961E-03
1.724E-07,3.93115E-01,1.90918E-02
1.726E-07,3.91650E-01,1.51855E-02
1.728E-07,3.81885E-01,6.88477E-03
1.730E-07,3.76025E-01,5.37109E-04
1.732E-07,3.78955E-01,2.00195E-03
1.734E-07,3.82373E-01,4.93164E-03
1.736E-07,3.82861E-01,4.44336E-03
1.738E-07,3.81396E-01,3.46680E-03
1.740E-07,3.79932E-01,2.97852E-03
1.742E-07,3.79443E-01,5.90820E-03
1.744E-07,3.79932E-01,9.81445E-03
1.746E-07,3.80908E-01,9.32617E-03
1.748E-07,3.84814E-01,9.32617E-03
1.750E-07,3.86279E-01,1.03027E-02
1.752E-07,3.83350E-01,8.83789E-03
1.754E-07,3.78955E-01,5.90820E-03
1.756E-07,3.76514E-01,2.00195E-03
1.758E-07,3.76514E-01,3.95508E-03
1.760E-07,3.77002E-01,5.41992E-03
1.762E-07,3.77979E-01,7.37305E-03
1.764E-07,3.78955E-01,6.88477E-03
1.766E-07,3.79443E-01,6.88477E-03
1.768E-07,3.77979E-01,5.41992E-03
1.770E-07,3.80908E-01,4.44336E-03
1.772E-07,3.81885E-01,5.41992E-03
1.774E-07,3.81885E-01,6.88477E-03
1.776E-07,3.81396E-01,7.37305E-03
1.778E-07,3.79932E-01,6.88477E-03
1.780E-07,3.79443E-01,5.41992E-03
1.782E-07,3.79932E-01,2.49023E-03
1.784E-07,3.79443E-01,2.00195E-03
1.786E-07,3.78467E-01,2.00195E-03
1.788E-07,3.80420E-01,4.88281E-05
1.790E-07,3.81396E-01,4.88281E-05
1.792E-07,3.82373E-01,1.51367E-03
1.794E-07,3.83350E-01,1.51367E-03
1.796E-07,3.81885E-01,-1.41602E-03
1.798E-07,3.83350E-01,-2.39258E-03
1.800E-07,3.81885E-01,-4.39453E-04
1.802E-07,3.81885E-01,1.02539E-03
1.804E-07,3.80908E-01,2.49023E-03
1.806E-07,3.80908E-01,4.44336E-03
1.808E-07,3.79932E-01,4.93164E-03
1.810E-07,3.77490E-01,4.93164E-03
1.812E-07,3.77490E-01,3.46680E-03
1.814E-07,3.77490E-01,1.51367E-03
1.816E-07,3.77979E-01,1.51367E-03
1.818E-07,3.80908E-01,2.00195E-03
1.820E-07,3.85791E-01,4.44336E-03
1.822E-07,3.93115E-01,1.22559E-02
1.824E-07,3.94092E-01,1.51855E-02
1.826E-07,3.83838E-01,9.32617E-03
1.828E-07,3.73584E-01,1.51367E-03
1.830E-07,3.67236E-01,-4.34570E-03
1.832E-07,3.69189E-01,-2.88086E-03
1.834E-07,3.72119E-01,5.37109E-04
1.836E-07,3.71143E-01,1.02539E-03
1.838E-07,3.72607E-01,5.37109E-04
1.840E-07,3.73584E-01,2.49023E-03
1.842E-07,3.74561E-01,5.41992E-03
1.844E-07,3.77490E-01,3.46680E-03
1.846E-07,3.79443E-01,-4.39453E-04
1.848E-07,3.81885E-01,4.88281E-05
1.850E-07,3.82861E-01,2.00195E-03
1.852E-07,3.81396E-01,2.97852E-03
1.854E-07,3.79932E-01,4.93164E-03
1.856E-07,3.78467E-01,6.39648E-03
1.858E-07,3.79443E-01,9.32617E-03
1.860E-07,3.80420E-01,8.83789E-03
1.862E-07,3.78467E-01,7.86133E-03
1.864E-07,3.79443E-01,6.39648E-03
1.866E-07,3.79443E-01,5.41992E-03
1.868E-07,3.80908E-01,2.97852E-03
1.870E-07,3.81396E-01,3.46680E-03
1.872E-07,3.82861E-01,5.41992E-03
1.874E-07,3.80908E-01,7.37305E-03
1.876E-07,3.77979E-01,7.37305E-03
1.878E-07,3.76514E-01,5.90820E-03
1.880E-07,3.77979E-01,4.44336E-03
1.882E-07,3.79932E-01,6.88477E-03
1.884E-07,3.81396E-01,9.32617E-03
1.886E-07,3.78467E-01,7.86133E-03
1.888E-07,3.76514E-01,4.93164E-03
1.890E-07,3.76025E-01,1.02539E-03
1.892E-07,3.77490E-01,2.49023E-03
1.894E-07,3.78955E-01,3.46680E-03
1.896E-07,3.79932E-01,5.41992E-03
1.898E-07,3.78955E-01,6.39648E-03
1.900E-07,3.78955E-01,5.41992E-03
1.902E-07,3.78467E-01,3.46680E-03
1.904E-07,3.77002E-01,1.02539E-03
1.906E-07,3.73584E-01,2.00195E-03
1.908E-07,3.74561E-01,2.49023E-03
1.910E-07,3.75049E-01,3.46680E-03
1.912E-07,3.75537E-01,4.44336E-03
1.914E-07,3.75537E-01,4.93164E-03
1.916E-07,3.75049E-01,4.44336E-03
1.918E-07,3.75537E-01,4.93164E-03
1.920E-07,3.77002E-01,6.39648E-03
1.922E-07,3.76025E-01,8.34961E-03
1.924E-07,3.68213E-01,2.00195E-03
1.926E-07,3.64307E-01,-5.32227E-03
1.928E-07,3.70654E-01,-2.88086E-03
1.930E-07,3.83838E-01,1.03027E-02
1.932E-07,3.91650E-01,1.90918E-02
1.934E-07,3.88232E-01,1.61621E-02
1.936E-07,3.77979E-01,6.39648E-03
1.938E-07,3.71631E-01,-1.90430E-03
1.940E-07,3.75537E-01,1.02539E-03
1.942E-07,3.80908E-01,4.93164E-03
1.944E-07,3.81885E-01,5.90820E-03
1.946E-07,3.80420E-01,3.46680E-03
1.948E-07,3.78955E-01,1.51367E-03
1.950E-07,3.78467E-01,3.46680E-03
1.952E-07,3.79443E-01,3.46680E-03
1.954E-07,3.73584E-01,1.51367E-03
1.956E-07,3.50146E-01,1.51367E-03
1.958E-07,3.06201E-01,3.46680E-03
1.960E-07,2.50537E-01,7.37305E-03
1.962E-07,1.95850E-01,1.17676E-02
1.964E-07,1.54346E-01,1.56738E-02
1.966E-07,1.24561E-01,2.05566E-02
1.968E-07,1.05029E-01,2.39746E-02
1.970E-07,9.33105E-02,2.78809E-02
1.972E-07,8.50098E-02,2.98340E-02
1.974E-07,7.76855E-02,3.08105E-02
1.976E-07,7.42676E-02,2.98340E-02
1.978E-07,7.03613E-02,2.88574E-02
1.980E-07,6.54785E-02,2.93457E-02
1.982E-07,5.91309E-02,2.93457E-02
1.984E-07,5.18066E-02,2.88574E-02
1.986E-07,4.59473E-02,2.78809E-02
1.988E-07,4.49707E-02,2.29980E-02
1.990E-07,4.44824E-02,1.95801E-02
1.992E-07,4.54590E-02,1.76270E-02
1.994E-07,4.05762E-02,1.76270E-02
1.996E-07,3.42285E-02,1.76270E-02
1.998E-07,3.03223E-02,1.90918E-02
2.000E-07,3.12988E-02,2.15332E-02
2.002E-07,3.22754E-02,2.15332E-02
2.004E-07,3.08105E-02,2.00684E-02
2.006E-07,2.73926E-02,1.66504E-02
2.008E-07,2.59277E-02,1.56738E-02
2.010E-07,2.54395E-02,1.61621E-02
2.012E-07,2.59277E-02,1.61621E-02
2.014E-07,2.44629E-02,1.66504E-02
2.016E-07,2.54395E-02,1.66504E-02
2.018E-07,2.69043E-02,1.61621E-02
2.020E-07,2.83691E-02,1.86035E-02
2.022E-07,2.88574E-02,1.95801E-02
2.024E-07,2.88574E-02,1.90918E-02
2.026E-07,2.88574E-02,1.86035E-02
2.028E-07,3.17871E-02,1.86035E-02
2.030E-07,3.47168E-02,2.49512E-02
2.032E-07,3.71582E-02,3.12988E-02
2.034E-07,3.17871E-02,2.93457E-02
2.036E-07,2.49512E-02,2.00684E-02
2.038E-07,1.90918E-02,1.32324E-02
2.040E-07,2.00684E-02,1.22559E-02
2.042E-07,2.20215E-02,1.37207E-02
2.044E-07,2.10449E-02,1.56738E-02
2.046E-07,2.00684E-02,1.81152E-02
2.048E-07,2.20215E-02,1.81152E-02
2.050E-07,2.49512E-02,2.00684E-02
2.052E-07,3.08105E-02,2.00684E-02
2.054E-07,3.52051E-02,1.86035E-02
2.056E-07,3.81348E-02,1.95801E-02
2.058E-07,3.91113E-02,2.29980E-02
2.060E-07,3.81348E-02,2.44629E-02
2.062E-07,3.47168E-02,2.05566E-02
2.064E-07,3.32520E-02,1.51855E-02
2.066E-07,3.08105E-02,1.22559E-02
2.068E-07,2.88574E-02,1.22559E-02
2.070E-07,2.98340E-02,1.37207E-02
2.072E-07,3.22754E-02,1.61621E-02
2.074E-07,3.32520E-02,1.81152E-02
2.076E-07,3.22754E-02,1.81152E-02
2.078E-07,2.93457E-02,1.86035E-02
2.080E-07,2.73926E-02,1.90918E-02
2.082E-07,2.64160E-02,1.95801E-02
2.084E-07,2.59277E-02,2.05566E-02
2.086E-07,2.49512E-02,2.00684E-02
2.088E-07,2.64160E-02,1.86035E-02
2.090E-07,2.64160E-02,2.00684E-02
2.092E-07,2.73926E-02,2.05566E-02
2.094E-07,2.69043E-02,2.10449E-02
2.096E-07,2.98340E-02,1.95801E-02
2.098E-07,3.17871E-02,1.95801E-02
2.100E-07,3.17871E-02,1.81152E-02
2.102E-07,2.98340E-02,1.86035E-02
2.104E-07,2.69043E-02,1.90918E-02
2.106E-07,2.64160E-02,2.05566E-02
2.108E-07,2.73926E-02,2.15332E-02
2.110E-07,2.93457E-02,2.44629E-02
2.112E-07,2.78809E-02,2.49512E-02
2.114E-07,2.54395E-02,2.49512E-02
2.116E-07,2.34863E-02,2.25098E-02
2.118E-07,2.15332E-02,1.90918E-02
2.120E-07,2.15332E-02,1.95801E-02
2.122E-07,2.15332E-02,1.76270E-02
2.124E-07,1.95801E-02,1.42090E-02
2.126E-07,1.90918E-02,1.03027E-02
2.128E-07,1.81152E-02,8.83789E-03
2.130E-07,1.42090E-02,7.37305E-03
2.132E-07,4.93164E-03,1.51367E-03
2.134E-07,-9.27734E-04,-6.78711E-03
2.136E-07,5.90820E-03,-3.85742E-03
2.138E-07,2.05566E-02,7.37305E-03
2.140E-07,3.03223E-02,1.76270E-02
2.142E-07,2.83691E-02,1.66504E-02
2.144E-07,1.86035E-02,7.86133E-03
2.146E-07,9.32617E-03,-4.39453E-04
2.148E-07,1.03027E-02,1.02539E-03
2.150E-07,1.37207E-02,4.44336E-03
2.152E-07,1.66504E-02,6.39648E-03
2.154E-07,1.61621E-02,4.44336E-03
2.156E-07,1.42090E-02,3.95508E-03
2.158E-07,1.12793E-02,6.39648E-03
2.160E-07,1.12793E-02,5.90820E-03
2.162E-07,1.37207E-02,7.37305E-03
2.164E-07,1.46973E-02,7.86133E-03
2.166E-07,1.61621E-02,9.32617E-03
2.168E-07,1.61621E-02,9.81445E-03
2.170E-07,1.51855E-02,9.32617E-03
2.172E-07,1.46973E-02,8.83789E-03
2.174E-07,1.42090E-02,1.03027E-02
2.176E-07,1.61621E-02,1.17676E-02
2.178E-07,1.81152E-02,1.56738E-02
2.180E-07,1.95801E-02,1.56738E-02
2.182E-07,1.95801E-02,1.66504E-02
2.184E-07,2.00684E-02,1.76270E-02
2.186E-07,1.95801E-02,1.66504E-02
2.188E-07,1.95801E-02,1.56738E-02
2.190E-07,1.86035E-02,1.37207E-02
2.192E-07,1.95801E-02,1.32324E-02
2.194E-07,1.95801E-02,1.32324E-02
2.196E-07,1.86035E-02,1.27441E-02
2.198E-07,1.51855E-02,1.12793E-02
2.200E-07,1.56738E-02,1.07910E-02
2.202E-07,1.61621E-02,1.07910E-02
2.204E-07,1.61621E-02,1.07910E-02
2.206E-07,1.66504E-02,1.17676E-02
2.208E-07,1.86035E-02,1.22559E-02
2.210E-07,1.95801E-02,1.17676E-02
2.212E-07,2.00684E-02,9.81445E-03
2.214E-07,1.66504E-02,1.03027E-02
2.216E-07,1.46973E-02,1.07910E-02
2.218E-07,1.46973E-02,1.03027E-02
2.220E-07,1.56738E-02,9.81445E-03
2.222E-07,1.56738E-02,1.07910E-02
2.224E-07,1.61621E-02,1.17676E-02
2.226E-07,1.42090E-02,1.22559E-02
2.228E-07,1.32324E-02,1.07910E-02
2.230E-07,1.32324E-02,1.03027E-02
2.232E-07,1.46973E-02,1.12793E-02
2.234E-07,1.56738E-02,1.27441E-02
2.236E-07,2.05566E-02,1.27441E-02
2.238E-07,2.83691E-02,1.51855E-02
2.240E-07,3.32520E-02,1.95801E-02
2.242E-07,2.73926E-02,1.90918E-02
2.244E-07,1.66504E-02,1.17676E-02
2.246E-07,8.34961E-03,3.46680E-03
2.248E-07,7.86133E-03,2.00195E-03
2.250E-07,1.17676E-02,6.88477E-03
2.252E-07,1.22559E-02,1.07910E-02
2.254E-07,1.22559E-02,1.17676E-02
2.256E-07,1.32324E-02,1.17676E-02
2.258E-07,1.46973E-02,1.56738E-02
2.260E-07,1.66504E-02,1.71387E-02
2.262E-07,1.81152E-02,1.42090E-02
2.264E-07,2.15332E-02,1.07910E-02
2.266E-07,2.15332E-02,1.12793E-02
2.268E-07,1.90918E-02,1.32324E-02
2.270E-07,1.56738E-02,1.46973E-02
2.272E-07,1.46973E-02,1.42090E-02
2.274E-07,1.56738E-02,1.37207E-02
2.276E-07,1.81152E-02,1.32324E-02
2.278E-07,1.95801E-02,1.17676E-02
2.280E-07,1.90918E-02,9.32617E-03
2.282E-07,1.71387E-02,9.81445E-03
2.284E-07,1.51855E-02,1.17676E-02
2.286E-07,1.46973E-02,1.17676E-02
2.288E-07,1.51855E-02,1.32324E-02
2.290E-07,1.66504E-02,1.51855E-02
2.292E-07,1.61621E-02,1.46973E-02
2.294E-07,1.27441E-02,1.27441E-02
2.296E-07,1.17676E-02,1.27441E-02
2.298E-07,1.42090E-02,1.46973E-02
2.300E-07,1.66504E-02,1.56738E-02
2.302E-07,1.66504E-02,1.46973E-02
2.304E-07,1.56738E-02,1.37207E-02
2.306E-07,1.61621E-02,1.32324E-02
2.308E-07,1.81152E-02,1.22559E-02
2.310E-07,1.90918E-02,1.22559E-02
2.312E-07,2.05566E-02,1.32324E-02
2.314E-07,1.95801E-02,1.51855E-02
2.316E-07,1.90918E-02,1.51855E-02
2.318E-07,1.81152E-02,1.46973E-02
2.320E-07,1.81152E-02,1.51855E-02
2.322E-07,1.56738E-02,1.46973E-02
2.324E-07,1.42090E-02,1.37207E-02
2.326E-07,1.32324E-02,1.03027E-02
2.328E-07,9.32617E-03,7.86133E-03
2.330E-07,8.34961E-03,7.37305E-03
2.332E-07,6.88477E-03,5.90820E-03
2.334E-07,6.88477E-03,3.95508E-03
2.336E-07,8.34961E-03,2.49023E-03
2.338E-07,6.39648E-03,2.49023E-03
2.340E-07,4.88281E-05,-9.27734E-04
2.342E-07,-8.25195E-03,-8.25195E-03
2.344E-07,-4.83398E-03,-7.27539E-03
2.346E-07,8.34961E-03,2.97852E-03
2.348E-07,1.95801E-02,1.22559E-02
2.350E-07,2.10449E-02,1.32324E-02
2.352E-07,1.37207E-02,7.37305E-03
2.354E-07,5.41992E-03,5.37109E-04
2.356E-07,2.97852E-03,5.37109E-04
2.358E-07,7.37305E-03,2.49023E-03
2.360E-07,1.37207E-02,5.90820E-03
2.362E-07,1.51855E-02,8.83789E-03
2.364E-07,1.37207E-02,8.34961E-03
2.366E-07,1.27441E-02,8.34961E-03
2.368E-07,1.42090E-02,5.41992E-03
2.370E-07,1.42090E-02,8.34961E-03
2.372E-07,1.22559E-02,1.17676E-02
2.374E-07,1.46973E-02,2.00684E-02
2.376E-07,2.10449E-02,3.12988E-02
2.378E-07,3.08105E-02,4.25293E-02
2.380E-07,3.91113E-02,5.42480E-02
2.382E-07,4.64355E-02,6.35254E-02
2.384E-07,5.32715E-02,7.28027E-02
2.386E-07,6.01074E-02,7.81738E-02
2.388E-07,6.40137E-02,7.96387E-02
2.390E-07,6.45020E-02,7.86621E-02
2.392E-07,6.40137E-02,7.57324E-02
2.394E-07,6.15723E-02,7.52441E-02
2.396E-07,5.91309E-02,7.37793E-02
2.398E-07,5.76660E-02,7.18262E-02
2.400E-07,5.91309E-02,6.49902E-02
2.402E-07,5.81543E-02,5.86426E-02
2.404E-07,5.52246E-02,5.18066E-02
2.406E-07,4.98535E-02,4.93652E-02
2.408E-07,4.64355E-02,4.35059E-02
2.410E-07,4.25293E-02,3.61816E-02
2.412E-07,3.81348E-02,3.08105E-02
2.414E-07,3.12988E-02,2.73926E-02
2.416E-07,2.54395E-02,2.00684E-02
2.418E-07,2.00684E-02,1.46973E-02
2.420E-07,1.32324E-02,7.37305E-03
2.422E-07,9.32617E-03,1.51367E-03
2.424E-07,7.37305E-03,-3.36914E-03
2.426E-07,4.93164E-03,-6.29883E-03
2.428E-07,1.51367E-03,-9.22852E-03
2.430E-07,-3.36914E-03,-1.16699E-02
2.432E-07,-5.81055E-03,-1.65527E-02
2.434E-07,-7.76367E-03,-1.85059E-02
2.436E-07,-8.25195E-03,-1.85059E-02
2.438E-07,-7.76367E-03,-2.04590E-02
2.440E-07,-1.02051E-02,-2.04590E-02
2.442E-07,-1.02051E-02,-1.94824E-02
2.444E-07,-7.27539E-03,-1.80176E-02
2.446E-07,3.46680E-03,-1.02051E-02
2.448E-07,1.37207E-02,-4.39453E-04
2.450E-07,1.03027E-02,1.51367E-03
2.452E-07,-2.39258E-03,-3.85742E-03
2.454E-07,-9.71680E-03,-9.22852E-03
2.456E-07,-6.78711E-03,-6.29883E-03
2.458E-07,-2.39258E-03,1.02539E-03
2.460E-07,3.95508E-03,2.97852E-03
2.462E-07,4.44336E-03,1.51367E-03
2.464E-07,5.90820E-03,2.49023E-03
2.466E-07,7.86133E-03,6.88477E-03
2.468E-07,1.37207E-02,1.17676E-02
2.470E-07,1.76270E-02,1.27441E-02
2.472E-07,1.81152E-02,1.42090E-02
2.474E-07,2.00684E-02,1.66504E-02
2.476E-07,2.10449E-02,1.81152E-02
2.478E-07,2.05566E-02,1.61621E-02
2.480E-07,1.76270E-02,1.32324E-02
2.482E-07,1.71387E-02,1.46973E-02
2.484E-07,2.00684E-02,2.10449E-02
2.486E-07,2.20215E-02,2.39746E-02
2.488E-07,2.34863E-02,2.39746E-02
2.490E-07,2.64160E-02,2.44629E-02
2.492E-07,2.73926E-02,2.25098E-02
2.494E-07,2.54395E-02,2.10449E-02
2.496E-07,2.25098E-02,2.05566E-02
2.498E-07,2.00684E-02,2.20215E-02
2.500E-07,1.86035E-02,2.00684E-02
2.502E-07,1.71387E-02,1.71387E-02
2.504E-07,1.56738E-02,1.37207E-02
2.506E-07,1.51855E-02,1.22559E-02
2.508E-07,1.42090E-02,9.32617E-03
2.510E-07,1.27441E-02,7.37305E-03
2.512E-07,1.03027E-02,6.88477E-03
2.514E-07,9.81445E-03,6.39648E-03
2.516E-07,9.81445E-03,6.88477E-03
2.518E-07,1.17676E-02,5.90820E-03
2.520E-07,1.12793E-02,5.41992E-03
2.522E-07,9.81445E-03,4.44336E-03
2.524E-07,9.32617E-03,3.95508E-03
2.526E-07,1.03027E-02,4.93164E-03
2.528E-07,8.34961E-03,3.46680E-03
2.530E-07,7.86133E-03,4.88281E-05
2.532E-07,6.88477E-03,-3.36914E-03
2.534E-07,4.44336E-03,-6.29883E-03
2.536E-07,2.49023E-03,-5.81055E-03
2.538E-07,2.49023E-03,-2.88086E-03
2.540E-07,3.46680E-03,-2.88086E-03
2.542E-07,1.51367E-03,-4.83398E-03
2.544E-07,-1.41602E-03,-8.74023E-03
2.546E-07,-4.83398E-03,-9.71680E-03
2.548E-07,-9.71680E-03,-1.16699E-02
2.550E-07,-1.85059E-02,-1.60645E-02
2.552E-07,-1.60645E-02,-1.75293E-02
2.554E-07,-3.36914E-03,-1.06934E-02
2.556E-07,1.27441E-02,4.88281E-05
2.558E-07,1.76270E-02,6.88477E-03
2.560E-07,1.22559E-02,4.93164E-03
2.562E-07,-9.27734E-04,4.88281E-05
2.564E-07,-4.83398E-03,-3.36914E-03
2.566E-07,-1.41602E-03,-9.27734E-04
2.568E-07,4.93164E-03,1.02539E-03
2.570E-07,6.88477E-03,2.00195E-03
2.572E-07,7.86133E-03,2.00195E-03
2.574E-07,7.86133E-03,2.49023E-03
2.576E-07,1.03027E-02,4.44336E-03
2.578E-07,1.27441E-02,7.86133E-03
2.580E-07,1.76270E-02,1.12793E-02
2.582E-07,2.00684E-02,1.46973E-02
2.584E-07,2.00684E-02,1.71387E-02
2.586E-07,1.61621E-02,1.71387E-02
2.588E-07,1.46973E-02,1.37207E-02
2.590E-07,1.46973E-02,1.17676E-02
2.592E-07,1.71387E-02,1.27441E-02
2.594E-07,2.10449E-02,1.51855E-02
2.596E-07,2.29980E-02,1.76270E-02
2.598E-07,2.34863E-02,1.71387E-02
2.600E-07,2.25098E-02,1.66504E-02
2.602E-07,2.15332E-02,1.76270E-02
2.604E-07,2.00684E-02,1.71387E-02
2.606E-07,1.76270E-02,1.61621E-02
2.608E-07,1.56738E-02,1.37207E-02
2.610E-07,1.71387E-02,1.42090E-02
2.612E-07,1.66504E-02,1.46973E-02
2.614E-07,1.61621E-02,1.42090E-02
2.616E-07,1.42090E-02,1.32324E-02
2.618E-07,1.17676E-02,1.27441E-02
2.620E-07,1.07910E-02,1.12793E-02
2.622E-07,1.12793E-02,9.81445E-03
2.624E-07,1.07910E-02,8.83789E-03
2.626E-07,9.81445E-03,7.86133E-03
2.628E-07,9.32617E-03,5.41992E-03
2.630E-07,7.37305E-03,3.46680E-03
2.632E-07,4.93164E-03,4.44336E-03
2.634E-07,6.88477E-03,8.34961E-03
2.636E-07,1.03027E-02,7.86133E-03
2.638E-07,1.03027E-02,5.90820E-03
2.640E-07,6.88477E-03,3.46680E-03
2.642E-07,5.90820E-03,1.02539E-03
2.644E-07,6.39648E-03,1.02539E-03
2.646E-07,1.03027E-02,4.88281E-05
2.648E-07,9.32617E-03,-4.39453E-04
2.650E-07,4.93164E-03,-1.90430E-03
2.652E-07,7.37305E-03,-9.27734E-04
2.654E-07,1.46973E-02,7.37305E-03
2.656E-07,2.25098E-02,1.76270E-02
2.658E-07,2.05566E-02,2.10449E-02
2.660E-07,1.12793E-02,1.37207E-02
2.662E-07,1.02539E-03,3.46680E-03
2.664E-07,-3.36914E-03,5.37109E-04
2.666E-07,-9.27734E-04,2.00195E-03
2.668E-07,2.00195E-03,2.49023E-03
2.670E-07,2.49023E-03,5.37109E-04
2.672E-07,3.95508E-03,5.37109E-04
2.674E-07,5.90820E-03,6.39648E-03
2.676E-07,8.83789E-03,1.17676E-02
2.678E-07,1.07910E-02,1.22559E-02
2.680E-07,1.32324E-02,1.12793E-02
2.682E-07,1.46973E-02,1.17676E-02
2.684E-07,1.61621E-02,1.12793E-02
2.686E-07,1.51855E-02,1.03027E-02
2.688E-07,1.37207E-02,8.34961E-03
2.690E-07,1.22559E-02,6.39648E-03
2.692E-07,1.17676E-02,4.44336E-03
2.694E-07,1.27441E-02,6.88477E-03
2.696E-07,1.51855E-02,1.07910E-02
2.698E-07,1.51855E-02,1.56738E-02
2.700E-07,1.37207E-02,1.76270E-02
2.702E-07,1.17676E-02,1.61621E-02
2.704E-07,1.37207E-02,1.37207E-02
2.706E-07,1.37207E-02,1.27441E-02
2.708E-07,1.27441E-02,1.22559E-02
2.710E-07,1.12793E-02,1.03027E-02
2.712E-07,1.12793E-02,7.86133E-03
2.714E-07,1.37207E-02,5.90820E-03
2.716E-07,1.66504E-02,7.37305E-03
2.718E-07,1.71387E-02,1.17676E-02
2.720E-07,1.66504E-02,1.42090E-02
2.722E-07,1.32324E-02,1.32324E-02
2.724E-07,1.07910E-02,1.12793E-02
2.726E-07,1.07910E-02,1.22559E-02
2.728E-07,1.22559E-02,1.17676E-02
2.730E-07,1.17676E-02,1.17676E-02
2.732E-07,1.07910E-02,8.83789E-03
2.734E-07,8.83789E-03,7.86133E-03
2.736E-07,9.81445E-03,6.88477E-03
2.738E-07,1.12793E-02,6.88477E-03
2.740E-07,1.22559E-02,4.93164E-03
2.742E-07,9.81445E-03,5.90820E-03
2.744E-07,8.83789E-03,6.88477E-03
2.746E-07,9.32617E-03,8.34961E-03
2.748E-07,9.81445E-03,8.34961E-03
2.750E-07,1.07910E-02,8.34961E-03
2.752E-07,9.81445E-03,7.86133E-03
2.754E-07,7.37305E-03,8.83789E-03
2.756E-07,3.95508E-03,5.90820E-03
2.758E-07,-2.39258E-03,-1.90430E-03
2.760E-07,-1.90430E-03,-7.27539E-03
2.762E-07,8.83789E-03,-3.36914E-03
2.764E-07,2.15332E-02,9.81445E-03
2.766E-07,2.78809E-02,1.95801E-02
2.768E-07,2.44629E-02,1.76270E-02
2.770E-07,1.61621E-02,1.27441E-02
2.772E-07,9.81445E-03,8.34961E-03
2.774E-07,8.83789E-03,8.34961E-03
2.776E-07,9.81445E-03,1.03027E-02
2.778E-07,9.32617E-03,1.27441E-02
2.780E-07,9.81445E-03,1.12793E-02
2.782E-07,1.12793E-02,1.37207E-02
2.784E-07,1.27441E-02,1.51855E-02
2.786E-07,1.17676E-02,1.42090E-02
2.788E-07,1.22559E-02,1.46973E-02
2.790E-07,1.42090E-02,1.37207E-02
2.792E-07,1.37207E-02,1.17676E-02
2.794E-07,1.17676E-02,8.34961E-03
2.796E-07,9.32617E-03,5.90820E-03
2.798E-07,9.81445E-03,6.39648E-03
2.800E-07,1.07910E-02,8.34961E-03
2.802E-07,1.27441E-02,1.27441E-02
2.804E-07,1.42090E-02,1.37207E-02
2.806E-07,1.17676E-02,1.51855E-02
2.808E-07,1.17676E-02,1.51855E-02
2.810E-07,1.32324E-02,1.81152E-02
2.812E-07,1.51855E-02,1.61621E-02
2.814E-07,1.37207E-02,1.51855E-02
2.816E-07,1.32324E-02,1.37207E-02
2.818E-07,1.32324E-02,1.12793E-02
2.820E-07,1.51855E-02,8.83789E-03
2.822E-07,1.71387E-02,8.83789E-03
2.824E-07,1.61621E-02,1.22559E-02
2.826E-07,1.42090E-02,1.37207E-02
2.828E-07,1.22559E-02,1.27441E-02
2.830E-07,9.81445E-03,1.07910E-02
2.832E-07,9.81445E-03,1.07910E-02
2.834E-07,1.07910E-02,8.83789E-03
2.836E-07,1.03027E-02,6.88477E-03
2.838E-07,9.32617E-03,5.41992E-03
2.840E-07,9.32617E-03,9.32617E-03
2.842E-07,1.17676E-02,1.22559E-02
2.844E-07,1.32324E-02,1.03027E-02
2.846E-07,1.32324E-02,7.37305E-03
2.848E-07,1.27441E-02,6.39648E-03
2.850E-07,1.12793E-02,6.88477E-03
2.852E-07,1.07910E-02,9.32617E-03
2.854E-07,1.03027E-02,8.83789E-03
2.856E-07,8.34961E-03,6.39648E-03
2.858E-07,7.37305E-03,5.41992E-03
2.860E-07,8.83789E-03,5.90820E-03
2.862E-07,1.37207E-02,1.12793E-02
2.864E-07,2.25098E-02,1.86035E-02
2.866E-07,2.39746E-02,2.10449E-02
2.868E-07,1.61621E-02,1.32324E-02
2.870E-07,5.41992E-03,3.95508E-03
2.872E-07,5.37109E-04,4.88281E-05
2.874E-07,4.88281E-05,1.51367E-03
2.876E-07,2.49023E-03,4.44336E-03
2.878E-07,4.93164E-03,3.95508E-03
2.880E-07,2.97852E-03,1.51367E-03
2.882E-07,3.95508E-03,1.51367E-03
2.884E-07,8.83789E-03,4.44336E-03
2.886E-07,1.27441E-02,5.90820E-03
2.888E-07,1.61621E-02,7.86133E-03
2.890E-07,1.81152E-02,8.83789E-03
2.892E-07,1.71387E-02,1.17676E-02
2.894E-07,1.32324E-02,1.12793E-02
2.896E-07,1.03027E-02,1.03027E-02
2.898E-07,7.37305E-03,7.86133E-03
2.900E-07,5.41992E-03,4.93164E-03
2.902E-07,6.39648E-03,4.93164E-03
2.904E-07,1.03027E-02,8.34961E-03
2.906E-07,1.22559E-02,1.22559E-02
2.908E-07,1.37207E-02,1.27441E-02
2.910E-07,1.37207E-02,1.22559E-02
2.912E-07,1.32324E-02,1.22559E-02
2.914E-07,1.37207E-02,1.27441E-02
2.916E-07,1.17676E-02,1.07910E-02
2.918E-07,8.34961E-03,8.83789E-03
2.920E-07,7.37305E-03,6.88477E-03
2.922E-07,1.27441E-02,6.88477E-03
2.924E-07,1.61621E-02,7.86133E-03
2.926E-07,1.66504E-02,9.32617E-03
2.928E-07,1.71387E-02,1.22559E-02
2.930E-07,1.66504E-02,1.56738E-02
2.932E-07,1.66504E-02,1.42090E-02
2.934E-07,1.42090E-02,1.37207E-02
2.936E-07,1.22559E-02,1.17676E-02
2.938E-07,1.03027E-02,1.03027E-02
2.940E-07,8.34961E-03,6.88477E-03
2.942E-07,7.37305E-03,4.93164E-03
2.944E-07,7.86133E-03,5.41992E-03
2.946E-07,7.86133E-03,8.83789E-03
2.948E-07,8.83789E-03,6.88477E-03
2.950E-07,8.34961E-03,4.93164E-03
2.952E-07,7.86133E-03,4.44336E-03
2.954E-07,8.34961E-03,3.95508E-03
2.956E-07,9.81445E-03,5.41992E-03
2.958E-07,1.03027E-02,5.41992E-03
2.960E-07,1.03027E-02,4.93164E-03
2.962E-07,8.83789E-03,4.44336E-03
2.964E-07,6.88477E-03,4.44336E-03
2.966E-07,5.37109E-04,-4.39453E-04
2.968E-07,1.51367E-03,-1.90430E-03
2.970E-07,1.07910E-02,2.97852E-03
2.972E-07,2.29980E-02,1.42090E-02
2.974E-07,2.73926E-02,1.95801E-02
2.976E-07,2.10449E-02,1.46973E-02
2.978E-07,1.27441E-02,6.39648E-03
2.980E-07,8.34961E-03,1.51367E-03
2.982E-07,1.03027E-02,5.41992E-03
2.984E-07,1.27441E-02,8.83789E-03
2.986E-07,1.27441E-02,1.07910E-02
2.988E-07,1.12793E-02,6.88477E-03
2.990E-07,1.07910E-02,4.93164E-03
2.992E-07,9.81445E-03,5.41992E-03
2.994E-07,1.03027E-02,6.88477E-03
2.996E-07,1.12793E-02,7.37305E-03
2.998E-07,1.42090E-02,1.07910E-02
3.000E-07,1.42090E-02,1.12793E-02
3.002E-07,9.32617E-03,1.03027E-02
3.004E-07,4.93164E-03,7.86133E-03
3.006E-07,5.41992E-03,8.34961E-03
3.008E-07,9.32617E-03,1.07910E-02
3.010E-07,1.12793E-02,1.32324E-02
3.012E-07,1.37207E-02,1.17676E-02
3.014E-07,1.07910E-02,9.81445E-03
3.016E-07,9.32617E-03,7.86133E-03
3.018E-07,9.81445E-03,8.34961E-03
3.020E-07,9.32617E-03,8.83789E-03
3.022E-07,8.34961E-03,1.03027E-02
3.024E-07,8.34961E-03,1.07910E-02
3.026E-07,9.32617E-03,1.22559E-02
3.028E-07,1.17676E-02,1.12793E-02
3.030E-07,1.37207E-02,1.12793E-02
3.032E-07,1.51855E-02,1.07910E-02
3.034E-07,1.03027E-02,9.32617E-03
3.036E-07,7.37305E-03,8.34961E-03
3.038E-07,6.88477E-03,9.32617E-03
3.040E-07,8.83789E-03,9.32617E-03
3.042E-07,9.32617E-03,7.86133E-03
3.044E-07,8.83789E-03,5.41992E-03
3.046E-07,9.32617E-03,4.44336E-03
3.048E-07,1.12793E-02,5.90820E-03
3.050E-07,1.27441E-02,8.34961E-03
3.052E-07,1.27441E-02,1.03027E-02
3.054E-07,9.32617E-03,1.22559E-02
3.056E-07,6.88477E-03,1.12793E-02
3.058E-07,7.86133E-03,1.07910E-02
3.060E-07,9.32617E-03,1.03027E-02
3.062E-07,1.07910E-02,9.81445E-03
3.064E-07,9.32617E-03,7.37305E-03
3.066E-07,4.93164E-03,5.90820E-03
3.068E-07,6.88477E-03,5.41992E-03
3.070E-07,1.32324E-02,6.88477E-03
3.072E-07,2.54395E-02,1.27441E-02
3.074E-07,2.64160E-02,1.51855E-02
3.076E-07,1.61621E-02,1.07910E-02
3.078E-07,3.95508E-03,2.49023E-03
3.080E-07,-3.36914E-03,-4.39453E-04
3.082E-07,-2.88086E-03,2.00195E-03
3.084E-07,4.88281E-05,4.93164E-03
3.086E-07,-9.27734E-04,5.90820E-03
3.088E-07,1.02539E-03,5.41992E-03
3.090E-07,3.46680E-03,5.41992E-03
3.092E-07,9.81445E-03,8.83789E-03
3.094E-07,1.37207E-02,8.83789E-03
3.096E-07,1.56738E-02,6.88477E-03
3.098E-07,1.32324E-02,4.44336E-03
3.100E-07,1.03027E-02,2.97852E-03
3.102E-07,8.83789E-03,5.41992E-03
3.104E-07,8.83789E-03,6.88477E-03
3.106E-07,6.88477E-03,7.86133E-03
3.108E-07,6.88477E-03,6.39648E-03
3.110E-07,8.34961E-03,5.41992E-03
3.112E-07,1.12793E-02,6.88477E-03
3.114E-07,1.27441E-02,9.32617E-03
3.116E-07,1.37207E-02,1.22559E-02
3.118E-07,1.37207E-02,1.42090E-02
3.120E-07,1.51855E-02,1.17676E-02
3.122E-07,1.61621E-02,1.03027E-02
3.124E-07,1.46973E-02,1.07910E-02
3.126E-07,9.81445E-03,1.07910E-02
3.128E-07,7.37305E-03,9.81445E-03
3.130E-07,5.90820E-03,7.86133E-03
3.132E-07,5.90820E-03,8.83789E-03
3.134E-07,8.34961E-03,1.12793E-02
3.136E-07,1.17676E-02,1.12793E-02
3.138E-07,1.17676E-02,1.03027E-02
3.140E-07,1.22559E-02,7.37305E-03
3.142E-07,1.37207E-02,7.86133E-03
3.144E-07,1.46973E-02,9.32617E-03
3.146E-07,1.27441E-02,1.07910E-02
3.148E-07,7.86133E-03,9.81445E-03
3.150E-07,5.41992E-03,8.34961E-03
3.152E-07,5.90820E-03,8.83789E-03
3.154E-07,8.34961E-03,7.86133E-03
3.156E-07,9.81445E-03,6.88477E-03
3.158E-07,1.12793E-02,7.37305E-03
3.160E-07,1.37207E-02,7.86133E-03
3.162E-07,1.42090E-02,9.32617E-03
3.164E-07,1.37207E-02,7.86133E-03
3.166E-07,1.12793E-02,5.90820E-03
3.168E-07,4.93164E-03,4.93164E-03
3.170E-07,1.51367E-03,5.41992E-03
3.172E-07,5.37109E-04,4.44336E-03
3.174E-07,-3.36914E-03,-1.41602E-03
3.176E-07,-4.83398E-03,-7.27539E-03
3.178E-07,4.44336E-03,-2.39258E-03
3.180E-07,1.90918E-02,1.17676E-02
3.182E-07,2.83691E-02,2.00684E-02
3.184E-07,2.44629E-02,1.86035E-02
3.186E-07,1.37207E-02,1.03027E-02
3.188E-07,7.37305E-03,4.44336E-03
3.190E-07,8.34961E-03,4.93164E-03
3.192E-07,1.27441E-02,1.03027E-02
3.194E-07,1.37207E-02,1.17676E-02
3.196E-07,1.32324E-02,8.83789E-03
3.198E-07,1.22559E-02,6.39648E-03
3.200E-07,1.17676E-02,7.86133E-03
3.202E-07,1.17676E-02,1.07910E-02
3.204E-07,1.32324E-02,1.27441E-02
3.206E-07,1.56738E-02,1.32324E-02
3.208E-07,1.76270E-02,1.37207E-02
3.210E-07,1.27441E-02,9.81445E-03
3.212E-07,7.86133E-03,4.93164E-03
3.214E-07,5.41992E-03,2.49023E-03
3.216E-07,6.88477E-03,5.41992E-03
3.218E-07,1.12793E-02,8.34961E-03
3.220E-07,1.46973E-02,1.17676E-02
3.222E-07,1.46973E-02,9.81445E-03
3.224E-07,1.12793E-02,8.34961E-03
3.226E-07,8.34961E-03,8.83789E-03
3.228E-07,6.88477E-03,1.03027E-02
3.230E-07,7.37305E-03,1.17676E-02
3.232E-07,8.34961E-03,1.07910E-02
3.234E-07,8.83789E-03,7.86133E-03
3.236E-07,9.81445E-03,8.34961E-03
3.238E-07,1.03027E-02,8.34961E-03
3.240E-07,1.03027E-02,7.37305E-03
3.242E-07,9.81445E-03,7.86133E-03
3.244E-07,8.83789E-03,7.86133E-03
3.246E-07,8.34961E-03,7.86133E-03
3.248E-07,9.32617E-03,8.34961E-03
3.250E-07,7.37305E-03,7.37305E-03
3.252E-07,5.90820E-03,5.41992E-03
3.254E-07,2.49023E-03,2.49023E-03
3.256E-07,4.44336E-03,2.49023E-03
3.258E-07,6.88477E-03,4.44336E-03
3.260E-07,1.03027E-02,7.37305E-03
3.262E-07,1.12793E-02,8.34961E-03
3.264E-07,9.81445E-03,6.39648E-03
3.266E-07,7.37305E-03,4.93164E-03
3.268E-07,8.34961E-03,3.95508E-03
3.270E-07,7.86133E-03,5.41992E-03
3.272E-07,7.37305E-03,3.95508E-03
3.274E-07,5.41992E-03,3.95508E-03
3.276E-07,7.86133E-03,2.97852E-03
3.278E-07,1.17676E-02,7.37305E-03
3.280E-07,2.15332E-02,1.61621E-02
3.282E-07,2.73926E-02,2.29980E-02
3.284E-07,2.05566E-02,2.10449E-02
3.286E-07,8.83789E-03,7.86133E-03
3.288E-07,5.37109E-04,-1.41602E-03
3.290E-07,-1.41602E-03,-2.88086E-03
3.292E-07,2.00195E-03,5.37109E-04
3.294E-07,3.95508E-03,2.97852E-03
3.296E-07,2.49023E-03,2.97852E-03
3.298E-07,3.95508E-03,3.46680E-03
3.300E-07,7.37305E-03,6.88477E-03
3.302E-07,9.32617E-03,8.83789E-03
3.304E-07,1.27441E-02,8.83789E-03
3.306E-07,1.22559E-02,8.34961E-03
3.308E-07,1.22559E-02,8.83789E-03
3.310E-07,9.81445E-03,9.32617E-03
3.312E-07,9.81445E-03,8.83789E-03
3.314E-07,1.03027E-02,7.86133E-03
3.316E-07,1.12793E-02,5.90820E-03
3.318E-07,1.07910E-02,5.90820E-03
3.320E-07,1.22559E-02,5.41992E-03
3.322E-07,1.32324E-02,7.86133E-03
3.324E-07,1.51855E-02,9.32617E-03
3.326E-07,1.32324E-02,9.81445E-03
3.328E-07,1.32324E-02,1.07910E-02
3.330E-07,1.32324E-02,1.37207E-02
3.332E-07,1.22559E-02,1.37207E-02
3.334E-07,9.81445E-03,1.17676E-02
3.336E-07,1.03027E-02,9.32617E-03
3.338E-07,9.32617E-03,7.37305E-03
3.340E-07,9.81445E-03,6.39648E-03
3.342E-07,1.07910E-02,9.32617E-03
3.344E-07,1.07910E-02,9.81445E-03
3.346E-07,1.12793E-02,1.27441E-02
3.348E-07,1.03027E-02,1.32324E-02
3.350E-07,9.32617E-03,1.07910E-02
3.352E-07,8.34961E-03,9.32617E-03
3.354E-07,6.88477E-03,7.86133E-03
3.356E-07,7.86133E-03,4.44336E-03
3.358E-07,9.32617E-03,4.44336E-03
3.360E-07,1.03027E-02,4.44336E-03
3.362E-07,9.81445E-03,4.93164E-03
3.364E-07,7.86133E-03,3.95508E-03
3.366E-07,6.39648E-03,6.88477E-03
3.368E-07,3.46680E-03,6.88477E-03
3.370E-07,5.41992E-03,1.07910E-02
3.372E-07,8.34961E-03,1.07910E-02
3.374E-07,9.32617E-03,1.03027E-02
3.376E-07,1.17676E-02,1.03027E-02
3.378E-07,1.22559E-02,1.03027E-02
3.380E-07,1.27441E-02,7.86133E-03
3.382E-07,4.93164E-03,5.37109E-04
3.384E-07,-2.88086E-03,-7.76367E-03
3.386E-07,5.37109E-04,-6.78711E-03
3.388E-07,1.46973E-02,4.93164E-03
3.390E-07,2.73926E-02,1.71387E-02
3.392E-07,2.88574E-02,1.95801E-02
3.394E-07,1.81152E-02,1.27441E-02
3.396E-07,9.81445E-03,3.46680E-03
3.398E-07,6.88477E-03,2.00195E-03
